track_id,display,artist,p_skip
6norVbAE14clVMEyDuRw1m,Luv (sic) pt4 (feat. Shing02),,0.03891325
5xRP5iyVdGglqlY4Vcjhkx,Sinnerman,,0.04057398
3BUc2A0MJ53FHwiy3eohBt,Nobody New,,0.040764764
4PwWESSlTwzvw9B7bmtTLS,anything,,0.042754874
5x7Oxaa9EEIx9nw17CC5yW,Chains And Things,,0.042992044
4rYUOu5vQ8pjBCYZL24Gfx,still love you (todavía),,0.043066356
3zEMPuCA7upPPNFUdvnvFv,God Will Help You Heal,,0.043561492
3WfjYZbJiVpdjPdeduMLFX,Alchemy,,0.04389335
281ioxkZbJ3p9hCvjD2bon,Everything I Am Is Yours,,0.045693602
0sjxRg1VlYfx4YG7uxurrq,I Put A Spell On You,,0.046181943
3uOYf3l9i8TL8vzDUFfxgN,Woman's Touch (feat. Jamilah Barry),,0.04630479
4dUc7gnVAAxBWIDYWu4kdI,Got This Happy Feeling,,0.04631679
0uAjs9DbEIKI1uz0hIGaxm,Feel Better,,0.046352893
5Dp7CfpvcRYCamP1MTXxN1,What More Can I Do,,0.04662139
0JtcFIgrkSagrM5JdFakeO,When A Blind Man Cries - Remastered,,0.04746892
4KFM3A5QF2IMcc6nHsu3Wp,Englishman In New York,,0.047544762
5sC836mBGkD9vni59G1YyV,Fu Man Chu,,0.047595125
4n1ZGm3TxYmoYe1YR8cMus,Desolation Row,,0.0477783
2UDrBIctO85nZ3aFQmhUxx,want to wanna come back,,0.047828566
6QT2opl34mmmeNNKZJoKUt,favorite apple,,0.047840476
1To3VopSqc8cWHcZJrpjvX,Mumbo Sugar,,0.04788583
7Bw7Dv6BCHA9O0AmzggOax,Pre-munitions,,0.047897965
1sXdUadp0TcENaTscPUu8v,Incomprehensible,,0.047935065
42nQqUIFXbKivM5A4HcQIL,Nosebleed,,0.048359547
6WbhQCkDF5z1UosH9tOP3C,Green,,0.048432175
0t92iahNjUv8B9J7U7IU0L,I Love You More Than You'll Ever Know,,0.048665345
1EfWxxlaLLiwnLS3ABr8vu,Phantasmagoria in Two,,0.04868141
2JFfT3sclwMVvAtBhiQaFl,Paper Castles,,0.048913907
6n7tuBx1TMdZFoBbN6eWxU,Satta Amasa Gana - Extended Version,,0.049003717
5XhMgAWzou6EjDmQtoyoZE,I Love You,,0.04911796
4Sd5tbNP4q8wS64abqwfkN,Thinking of a Place,,0.049458
3hjvU40Qckm4sy4WT7ofY3,Mary's Pub,,0.04969251
1mMVC8AsuUUelwopm51Jht,STANKA POOH,,0.04990904
0mcspj4ScW3ZF3OILnvr4i,Worms,,0.049934056
2wdiOkIYAB4RKzf7e8GaYE,Sunsleeper,,0.050082333
0tIUkzQP9STnupIpzcQBt3,Çilli,,0.050435863
21Xc8hEIzv81jwiftI4hJB,The First Taste,,0.050479237
6z0WgAtsvXR8zXH454CLtZ,Everybody's Got to Learn,,0.050547548
2FpllR4zZKTyuclUKQ1l3k,the riff,,0.050621103
2iiKesB6Vg4nbqsMqOeu4o,Fynbos,,0.05076444
3BvmDT3xVh83GGqITEpBVA,New Kind Of Love,,0.050968178
5WVWQQpBJqljbZtxo19CxS,Calling U Back,,0.051164933
4J5zalm3Wa04SZ9g3wy1s1,Baby Brazil feat. Las Palabras,,0.051179357
5tE3KbIFvkUwxs4SKuV6s3,Loraine,,0.051233582
4eZLs4kzT0KZ7MRsVXPxH2,Summerhead - Remastered 2024,,0.05124118
2YkR5gqPAf2Fmb2XY04bhp,Mars Cheese Castle,,0.051410113
5tuhqbQduuN5lXB5vx4U6A,Lover Now Alone,,0.05166051
4R7Jy2OusfdjSRfXvmMvUq,Some Like It Hot,,0.05172764
30N5YD1KEtQM2dajFWb0TH,Tell It Like It Is,,0.051760912
48WjoS8xixdToSxYDujDmb,Mandy,,0.051891346
5nqbSPPpGf1WtzX9qk3ruW,Change My Mind,,0.052027162
3FlBgKx8UM6daKtZAs7OfG,At the Door,,0.052180093
4wKbwWBAsskEAUDezzX1IU,blade bird - Nick León broward mix,,0.05223068
3lVFYi9nXre5BjoiRpofrR,Pain - Instrumental Version,,0.0524752
3ZF9u7enIDyKPiXj4VP1P1,Trade It,,0.052546546
6BRg8FpfpKUbXeE4Jv7U5u,Christmas Card From A Hooker In Minneapolis,,0.05286188
3LlMf2RPFeWx1Pol8rdMkm,Not Sorry,,0.052871406
49eeuBxlSETl7WWL73drm4,Trip To Japan,,0.05289253
6Lhw3hYrT4WTMtDZkyCEix,Falls on Me,,0.052970946
2wW33J2Z5aMKbVZpRZS8OC,Ceiling Fan,,0.053147376
0YJ9FWWHn9EfnN0lHwbzvV,Jigsaw Falling Into Place,,0.053287912
34mwpCoNPjnnNSWGcTmVqj,Magnet,,0.053455602
70gbuMqwNBE2Y5rkQJE9By,Going to California - Remaster,,0.053544287
0ZJWJbmKpkdhnc7cQeQMNR,Pelican Canyon,,0.05355635
6n7lASf9dlhxVmkbjCwU2P,Angel Mine,,0.05361874
5TSj6ySt4WqDuljv61Q4D5,Los Angeles,,0.053852234
10nyNJ6zNy2YVYLrcwLccB,No Surprises,,0.053944778
3PLaKiMLIlrjvPoPlYK7sT,Angel,,0.054092254
1FvDJ9KGxcqwv1utyPL3JZ,This Charming Man - 2011 Remaster,,0.05416464
0YuCATlVwxG5Mq8lN2Omro,Sara - 2015 Remaster,,0.05424826
0I6vfrWnIUdfe5hnRSuwz6,San Andreas Fault,,0.054265093
5fzUKYfATEqxDmRWfbikAm,Let Me Go,,0.05440539
4m30cfL2qOwlFsuGqMOZ8k,open this wall,,0.0546361
0gJMBU0NQwqqoW8AiCmCKa,Carsick,,0.054860186
1cXXHKH2kMDmtOEK73q6sf,I Think Of You,,0.05492374
17tN4TOGM562ach3uvZZUi,How Could I Have Known,,0.05496306
3cq3XcL168N5wXZAtxaqPk,Spit,,0.055027116
3bnEbEdttscDToE3I8yOZD,WAIT,,0.055030413
3nqWBveOgMltz6FR7xB25A,Dancing On The Floor (Hooked On Love),,0.055115614
4Vf52ZVAgnznYcaPvXLEOu,LOVE is,,0.05513572
2ZJ9jvS9iH1QZ33qg8wLzT,Mirrors,,0.055142432
2Cxs2cLG7HoXfcAlw67yIy,Words,,0.05514476
3gpp6RalVXdsAPSQ4HuXbu,It's My Time,,0.05521922
1xaTREM89RbIxkcjlpf4Uw,Heaven Knows I'm Miserable Now - 2011 Remaster,,0.05533898
4Q33mh1QlWoXs8Vlc9LBac,Satisfy Me,,0.055349756
0OVvantI7wPKGnZM7gcJxa,Drop,,0.055396296
7GGu3sITpaL740HTiODY6C,Reach,,0.055488545
2ia6zPFz6SF8ZOT5mpR2TA,You and I,,0.055523314
65krtHkaYLPr0mEbjL61UP,Kiss of Life,,0.055599395
2bcvooA6HEmVUneEGJnNZD,Everybody Here Wants You,,0.055627517
57s098FVVLAFdDNINJRogc,Call It Easy,,0.055651594
6JA2PqUMfcgwz3OJNnW98P,Pur - Remastered 2024,,0.055656143
4raL05JS5aNmXwClc2ATA8,Fog as a Bullet,,0.055742644
1lBlZyWqgc5Myualp7vZZ3,Jah Glory,,0.055989474
76vbQVnCEHe02OP4EWvApz,To Say Hello,,0.056004588
1buRClsYPnS4HRRz4jRMmy,The End,,0.056053136
1CTzz42jKQYllp7Bqjyykz,Headlights,,0.056059163
0O9BqfU1Cdm7YqmD0TrT9i,Cementerio Club,,0.056061357
133MuPkLvrGGaWQIN3qNe3,Take My Hand,,0.0561085
42f7jbxl24Ah37L8sGeDUT,Girl,,0.056128733
2WnRa9DLUzc6DWmcLcla3R,Our Love,,0.05619104
2fXrL66WMT93qlrqreWXqa,Şinanay,,0.05632723
6kYwzIqAj4Wp6ApoPpoqny,You Make It Easy,,0.05641739
2SCOF4MRhfSyAX5l7qniqo,Lonely Island,,0.056452747
6UuVONmxXwTKN1ISepuAoQ,Forget Her,,0.05646591
4sIFi8LpJWPvI5xviWFyA6,D>E>A>T>H>M>E>T>A>L,,0.056503482
2ODu9hJprjsCmmfmXNX1R3,I've Thought About Chicago,,0.056527916
06cqIVC8kRAT02qfHQT65v,I Don't Know You,,0.056564167
6eunHrBuu3ftWdWIntSfvF,See You in Everyone,,0.056573424
3dccEmffUBrhDBAd69C97R,Sorry Ain't Enough,,0.056844097
2iCshqpZ6LQEOaUj7vQEgc,Baby I Love You So,,0.056887
7qmqKMqHTxBGvcjTN1wOaj,into me,,0.056906506
1VblKNaQx4A3CJMy2DEISm,Building God,,0.056927398
5whapFlXtB97RZg4CldtWB,Wind On Tin,,0.05702457
1um8c8jeKu3deAqmiEzw6i,Musical Key,,0.057073206
6lbgEritNbgg9ZaLnqyalk,Diner Song,,0.057169307
0bP3nhwphBox4beh4LJUYn,Frog In Boiling Water,,0.05717671
6w1d6Zwf7aXALS4TRA26hy,Sparrow,,0.057284314
3WSyYBhLZRLbQo2tJgFvSR,Sleeping Satellite,,0.05732737
6pgCHtw8nO0deOkuc0Ty93,Forgot,,0.057355504
0rmj31pdOLE4JlbpMr3p8z,Strange,,0.057365548
7CGJFrbU2HJ6B4p6HjiDHv,I Will Be Here,,0.057412095
0jGAm66ie0uOt7bYmXG64f,Lipstick On The Glass,,0.057440884
3M2bD9SMYnJIPdrTKUnBd3,I Know It's Over - 2011 Remaster,,0.057768498
0PsZltduNZQbymx3XF9GbF,Underwater,,0.057840705
3Hm6vHUwpQVBVIwrJiiPFY,While You Wait,,0.057901308
4y9M1xm6nZCTSyPwwmFOZp,Everything I Wanted,,0.057997167
5ljHvSOYJ2AQfZoTlVwni1,Cranekiss,,0.058011495
6DPywkzneRVtDB1MrKr1PW,Mars Cheese Castle,,0.058040664
4rS4K30qVDExdjeU4feF4c,Keep the Fire Burning,,0.05809987
5FoiQ2EieChMpkh4dx23Xs,rock 'n' roll wa shinanai with totsuzenshounen,,0.058138184
0aNtRRZu822Ymt2fQTakJ1,Hosh Nahin Hai Ji Mujhe,,0.058185924
7ng3kxT3YNzlR7qRUbkc66,be mine,,0.058186706
6sNT5PF1SjTYgMiAIQGYMd,Carry Me Ohio,,0.058201764
48f6WJoZEU1TgKsapzSy9m,Little Birds,,0.058229823
6gLOkCljeiC4m4bJj6BT8l,Believer,,0.05828741
63jKk73bqfeC4JIId1rvn9,Eulogy for You and Me,,0.05841912
3GiSgsFwPp8zY7yTGsRlyR,Don't Look Any Further,,0.05844967
5SOmWCeB99slbaycsmndY8,Cowgirl,,0.058454316
1d7H0Xiau1rkzj8u78W7RP,But I Want More,,0.058467712
3Vm6yiTPfhFeUHD4gt42cZ,I Like It,,0.05855662
4UxJfZyHENxiSp60UzTGLW,It's Only You,,0.058557924
42qNWdLKCI41S4uzfamhFM,Duvet,,0.058694568
5KVt7MKnauSYpmLPzdEP3q,Lingering,,0.058726706
36cWSYTfYaanwPyksbLNDv,the chase,,0.05873456
6cpJNjQmY57lHVoVdAiFN8,Hannah Sun,,0.058867987
6ZKhQHAyi0eRwQgYNO08AI,Grandmother,,0.05896082
7xFvweaPGFCrpQGqsSVKnk,Aey Nehin,,0.05907075
03qq5xXSMjRtREQcgBp5cj,Making Losing Better,,0.059077978
6ejOqrr7r2LcUDxIqZyygp,I Don't Know,,0.059081968
5GTRE7cnySeaYBanwM5FIt,Incomprehensible,,0.059174757
4CbNiKt4MugG8a7eWnRID4,Do You Think I'm Pretty,,0.059178438
2Y6olVRdJEmhxJQXeGaCXR,Purple,,0.059214752
7qOBKhD1a54OvLvVee2tGf,Cobra,,0.059255816
410rGaFDJPwjsr9m9RPCkz,All I Really Want Is You,,0.059282184
6vYoqwpLLtvfeRTo3gweoN,"It's Lovely, Come On In",,0.059387278
1kdp5JKEEHxDmU0VEvKVG9,Blue Lady,,0.0594026
7zkCIeZwW48tegLdGKfKOW,Seven - Garage Session,,0.059419613
1qEG5O6bKeSnYcWLnjmQ37,The Man In The Station,,0.05943969
6fyAYtlwjVS3Je7O3yohDA,Elegy for Love,,0.059492223
41hT6idTUfXX5Dmv32TXpO,Feel A Little Better,,0.059528023
2tdNTV4xpZgiom27mENc2N,Nausicaä (Love Will Be Revealed),,0.059584588
1SY5lbCdOQIRJuRPF2h4ht,Falter,,0.059641443
69Kzq3FMkDwiSFBQzRckFD,This Night Has Opened My Eyes - 2011 Remaster,,0.05976776
0ehGcL48kQnjyvhe8P49pq,In Limbo,,0.059796657
061OsqGygBVqkzqDPfxDiB,Don't Panic,,0.059828497
6u9mlBqRWYrNsbTmDZ1FAH,stinkbug (Over and Over),,0.05984904
1musbempyJAw5gfSKZHXP9,Anxiety,,0.05989478
3GCGcBbem8ArjOfotByOmI,Lakes,,0.05992565
3XrxtXNNxqWjWJ2QuqyfpK,It's Lomelda,,0.059964463
23omPD1uUlkY4IMGDq4ioI,Now That We've Found Love - Single Version,,0.060004678
6SNGzhVrisdq63Ndz58ovT,Luv (sic),,0.060089145
2DIj3MGL4YbA7OHqnHaf8q,The Road,,0.0601046
1GiM6FU0cl4ncCTj4L03Ym,The Spoils,,0.060242064
4zcXwePxXk3SkjaPwOZ3TO,Silent Running (feat. Adeleye Omotayo) [2D Piano Version],,0.06025015
70LWfy4gnw3wqhYrNp0yn9,Girl Behind The Glass,,0.060251955
0Ry9Yl58qnZOLglXz2zThC,micro,,0.060297046
4vncwNjBl9LmVvMf8BHj7b,Grace,,0.060313694
5ucIh5Shb9WPimGXDCaj0n,All This Love That I'm Givin',,0.060341835
13UqmpJo3DKZOJkGA6aH5U,Ring Of Past (2025),,0.06039594
32O1FZwJXyyKB1zBqxJNJ9,The Edge,,0.060512997
0GLEe9YYMIOhrvMWH5nhsl,I Remember,,0.06053289
3pAggfK0BtAzU6fDyW6DUy,I can do what I want,,0.060544275
1xhqE1ySEx4JYiolZmGIKp,Мемантин,,0.060544547
2YIIDMcF9zWJ2xcFSA99lH,Charge It,,0.06058982
2JKtCvtxP47fOMYi0BjMoY,Tree Among Shrubs,,0.060604982
4dbZObCjUs95HtmEHfKbnU,Feel Me Flow,,0.060675837
7tFsUfrmyBvLdvIByreecz,Sail To The Moon,,0.060726535
1WbPsz0T6vQyXI67C5NcJM,Sit Still,,0.060754
6BI2GDwlQV32JZLgYPMlFM,Hot Blooded,,0.060757168
00IYjifEpVxgKz5r66lYOt,I'm the Ocean,,0.06098732
1ZUv3ISx2nFaz0JimVdcoT,That's the Way - Remaster,,0.06099073
5VyO9paTfBmQoYhLHFPN2v,symposium,,0.06099539
6mArv71P2vGlEc5dgenLe3,Song for an Unborn Sun,,0.06104882
7IUVnMCrNDYX5zG8Vq86o6,Something More Besides You,,0.06112289
12q3V8ShACq2PSWINMc2rC,It's Too Late,,0.06114911
4NnWuGQujzWUEg0uZokO5M,Just Like Heaven,,0.061191775
4ezMxuYpCzjyEpcgjCa2qG,Doin' Our Own Dang,,0.06129788
3wDKP0WgT24CSeYS79Ye90,Des Goblin,,0.061300684
7KPGicOBoTxRp0OoT3HNC4,Enkaz,,0.061314985
0Rxnkj7djKjYBIB9OvnGU5,Little Splinters,,0.061361257
3Uh7rAb7F0XGVpEEDwfH1k,River Man,,0.06140675
41SMCLhrsLvdVJcaKapBbZ,lostplanet,,0.06141644
6Jv7kjGkhY2fT4yuBF3aTz,"Lover, You Should've Come Over",,0.06150322
3r2ql6bUsGZ5qXf9shTWY9,Ultrastarflam,,0.061505686
2oDKqzp3AUHtb6sBbvfI1s,Long,,0.061531723
51Grh1RyUDcMBbpuyUIUHI,rises the moon,,0.06155015
79M4oshPYhR9UlOZ9Ik8im,Misery,,0.061657324
4SwSpxsOYtnEaRxWtYrnvZ,Vampire Empire,,0.061715975
7EJvwHjf9NKCmYBBGOuwQS,I Still Do,,0.061763413
7FmpGCXVD5CeFkbFgjkNe3,Worn Down,,0.06177067
3g0xd9m1MxKRiIC2Xw4998,Saoirse,,0.061914336
69pJPrV620M6aurFJ0hV2i,Reggae Beat Goes On,,0.061959818
54pmpLYmExDV47lREgsjqA,Vejam Bem,,0.062002376
6VawDeVOB20F33XJbMJop2,AlterCast,,0.062076036
4TZOVk3IPsfYQTiCGyRauf,wish u well,,0.06214367
6yVnpVWuT3NdhAmQe05T33,Wild West End,,0.062179327
1kiw6IXeTauPy3L964yxoZ,Angel,,0.06230196
2UQWW8rhNJo5tBt77LnbZH,I Need You,,0.062334336
0a748FMqxajxoaYkdnS1h8,Bir Günah Gibi,,0.062388916
0sUJVa3AFcEqdy11QtiZCY,Villain,,0.062440064
5SP2QlItl7CyoNdxjKDEbn,bedbugs,,0.06245054
0SaaTLWDZAiaDLDbCq5znv,Coyote,,0.062480174
4jSLy6yaQLomhIpcpxCryu,Yorgunum Kaptan,,0.06252944
1DrPpgiTvuogt6Ktxsag4h,アン・オープン・ドア,,0.062552415
1GNw15qPGChP3OkeVpagNG,Learn to Earn,,0.06256871
39TTz13dnNKxQ0Qq3i65Nf,indulgentia,,0.06256962
1HF0Py8DOaBrGbsZITa3LE,As Tradition,,0.06258379
4Tzw9IdZbVyzmpWrvsGaNX,Wildfires,,0.062695734
1VzhfMEGIIkn5hFITMJzW1,Loungin',,0.06282275
24cAE3cNwQDnEESQiTp0ue,Paris,,0.06286226
3FAPno2g6reBxwEglHDA55,I Wish I,,0.06286674
27YQhMbmRMwcjzEADiro0P,Disconnection,,0.06289484
0VL01QOf9JFrp2FWKoQRPE,"I Do, On and On I Wait",,0.06290923
7hs0Q5T9oyYMuGg4EQZenj,April Skies,,0.06305184
5ckwOX7SVzt9OISbGkD299,Song to the Siren - Take 7,,0.06309772
38PFDmohAJC5Ks1l5dJTDJ,Ворона - 2019 Remastered,,0.06312939
2fuYa3Lx06QQJAm0MjztKr,Let Down,,0.06322521
6pgFuwLxHsFLvJUaCckkGP,Mistério Stereo,,0.06328294
2Akjix15UL9ec80rPlzW9P,Miffed It,,0.063288435
35YyxFpE0ZTOoqFx5bADW8,Nude,,0.06337373
3vkZSQGllK0ZfjCWY1ZGRk,Cara,,0.063420445
2WdAAR5lx5VDvEcLxOtfNk,Only The Strong,,0.06350806
5aMvjLRVr2m4VZIoClQG6L,Affetmem,,0.06352111
3ilgir5Ua025JAQv7d0EDg,Fool's Paradise,,0.06353754
5Qv2Nby1xTr9pQyjkrc94J,All I Need,,0.06357922
3KQFlED2WlEBOFRK61eI05,Look Down On Us,,0.06363117
0MEwwyJBkGgeDLfDNCJtc1,Call Me Home,,0.06369652
43IYZ1zQpbXXWhGQEgjAjb,Who Knows Where The Time Goes?,,0.06371585
4QlaMjmy41CNbns3XvCujj,Flee,,0.06380745
5AmiKHSAkkQ1xaFTFtqkk8,Travellin',,0.06385194
2xSSClsvf6rjEjSRwnMcu1,Couldn't Love You More,,0.063905336
5NbilllIdF8lp4FmdX7OF8,Pale Song,,0.06392372
7uWFUpGuEfmxYeymkV95jn,Time in a Bottle,,0.063969806
2gjidmxtA1pyj2HYrdOTG1,I Want You Around,,0.06403913
3EEzQDCP8jRl2pEt9eDKMO,I Follow You,,0.06408784
4kAnrSFanaSI2zpzRPOy0F,Top Of The Bill,,0.064182915
1nud9LcFASdfF0aXdBWu8Q,Graze,,0.064263016
3efpy6olPlpljezPKAWoSB,Ghost,,0.06430476
61Ad95lVR8KdblY5He6SY8,How Was It for You,,0.06436115
6dmvic5s3LHMDgT3S13A2W,See Us,,0.06439205
3kedYiw0PflZpyQcDzBLKK,Future Lover,,0.06446162
4h3HGVqnpR2wvFo8QTM2YR,Erasure,,0.06457732
7fYKKFD0jiSlMDgG9IUs1q,Down To The Waterline,,0.06465202
2miIOgni3EEut8pvYcxeYn,Six Blade Knife,,0.06473399
7EUl66gTmdax8vutTXsDP3,Carving The Stone,,0.06474049
18D5jFbqGynpHLl52o4lFH,Никогда - 2019 Remastered,,0.064747296
3EHI6xHiyfjJav54VNJJP4,No More Photos,,0.064764634
44QLYLXDebPCkTzcnGX4XA,raat ki rani - Khruangbin Remix,,0.06485235
56ZxX074rrDbB8AM9fxqtw,Genie,,0.064879164
0LOZYjKEUhmTSdSYbm2Hp3,Dread Beat An' Blood,,0.06495803
32SubIZx2ZcDZlpmKukSPq,Waiting,,0.064974114
2ro7o4RZVhksrTkcpk3rtC,Autonomy (Ft. Lucy - Cooper B. Handy),,0.06498192
5Sg4O9cuCt6bv6NEHTB9z5,The Glory of the Ocean,,0.06501463
6gSalwEvVQfSFiqgwfyITp,Luv (sic) pt2,,0.06512061
4ZTi6ielgSurETljt5qsrW,La Plaza - Poirier Remix,,0.0651791
5IpKduzyTWSCebGXkfJ2Mm,Heaven - 2005 Remaster,,0.06540113
2FPcTfECQrZviBAarAHv1f,Peace Song,,0.06545073
5wnIDrgujfOoHAHXVRpUMF,Right Down the Line,,0.0655281
5XvRng3X26Q3oGMEoFKsWo,Angles Mortz,,0.06555775
00RLNHc2jkEjUoCUlFgPVT,welcome and goodbye,,0.065602005
6RS0oQvj4Jd1UAV1kAtDbj,put me on a shelf,,0.06566451
0hLYU06I6ppGIhqiJ4uZom,Fly god manners,,0.06574506
2ds7uAG7RlUuDVNqQqfW2f,Hope Springs Eternal,,0.06583847
0fEaj390FKNegIZ1xMhA7v,Burn,,0.0658568
55mQhobuwtY7lfLAXylg1k,You Make Loving Fun - 2004 Remaster,,0.06587248
1MoA0TNVdveasxnR6c2JqZ,Jackie Down The Line,,0.06587663
0whWpxV2KF5yPcPDjzDYkw,Mist Of A Dream,,0.0658908
6Aw9iJg6GhpNnIEWvmixUn,Spirit,,0.06589289
7mIOXWrIPpTk3V9G5Ly3r5,Le monde entier est un piège,,0.06598752
45ZmUXITNXixqBjelRmBSO,Candy,,0.06607833
5nPkk36o7z0pNFh24mrZTd,The Awakening,,0.06616649
6CGwCT63BvZpHJu4gjpZlo,Abre la puerta,,0.06623283
6N7kR64unjAKBgnYDNOhIX,Fly Away,,0.06624058
5cbDTZG8lBJqVVa2zqROPI,Taxes,,0.0662621
7lMx5YmUu6NzfgD7JQS6SS,Ai Mi Morena - Club Des Belugas Remix,,0.066320114
0y5CnV2idm2KkQEudDjfDT,Last Goodbye,,0.06634703
2LBiRQJS7A1gOef413IFut,Vestiges,,0.066359006
5UJcKDEmroJxzE0ocQFKS7,Dimitro,,0.06649615
2beBdwV1Y5PtWxDk1GgAZ6,It Ain't Me Babe,,0.0665004
1arAGa39LQ2EsTCK64JuB4,Forever,,0.06651003
1ea5DRqRojXDvXGfKwcM5u,strongboi,,0.06651013
5eHB7iz8fKG1IkaGddI7LA,Sole Obsession,,0.0665103
4kCnUNbOSElw8OpzMwVOHo,First Cool Hive,,0.06653739
0TeybZKbODYrRTYMTNkTHb,Fate,,0.066546954
2gL3yeSrVcdgYUgebT6TKN,Sumeru,,0.06657548
13Ym4BnHYalKDX53zwo0b6,Which One Is the Jellyfish?,,0.066592366
4kI8cbwLAjEuDNMmPgoiGO,On the Low,,0.066606134
6KiS9YtjvBEr96wazaVfO4,Achinkad,,0.066620976
5SXemxLERs0imkLpe4Aq8v,In The Gallery,,0.06664569
1mPbccRuO7FwxAWECKveTh,Go On,,0.06670925
4E0P1xs3JNmsNr5c5nFTZJ,Back To Me,,0.06674701
1nPC5op37uOleRc6RH3Xdl,Göç / Me,,0.06686146
1UeQ8XhTvvZbGqgq2Ln9jG,Speaking Confidentially,,0.066877864
1LiLcXmLVnmkZyuJVuJDOc,Let Go,,0.06692107
6ECQVBkaCMGcXYmleOZWm0,Individualism,,0.066931166
6VXIZWHmdOTHIFhsSkYFgQ,When A Good Man Cries,,0.06696966
7pamxApUs3CE8t7tKmUJ6Z,The Bird,,0.06698114
3077zJdkrjvys57YcRuCgx,Oil (feat. Stevie Nicks),,0.06698629
6qVodemcQoATdMCO5eUAlo,Consider Me,,0.06700805
45kyQ8ugCdjUo23pyX0Xrx,The Hop,,0.06701458
5C8ZVCqSWQluWHXsTdLCOW,Stone,,0.06708166
0hRS0vTwEtGQrpOHqIEJBB,God Of Everything Else,,0.0671212
2vZFdFRY8mqTwJDphhWExR,Rosie Rosie,,0.06715264
3GxOJlWpm4Ri5nCWrIQjOY,Travel Guide,,0.06719858
01xuEFvP86dclLeZIIqMqt,Розовые сны,,0.06722458
4ssAFBPpon04TltZHRszvn,Sasurai,,0.067244135
2lWxw9c8TJpY9QdRaVeC5C,Home,,0.06733523
7DOqLMSxTh1s3WPTyqJ2pw,Amor Mio,,0.06733558
1QXFkl9yG16VS7IOqcidiq,Feeling Myself,,0.06750722
3sslYZcFKtUvIEWN9lADgr,First Love/Late Spring,,0.06752431
63SKPsrN4KfLjUwAEugilm,Smoldering Fire,,0.06760226
1QxmKMggKPykokcwBYvjso,Everything in Its Right Place,,0.067621335
1CPUhFOkNDDbxkJEQmlbml,Love Don't Live Here Any More,,0.06763035
7sCHy8QQUz3CRvUMp53Cbm,Harvest Moon,,0.06767682
1JVEM4C04VPAU9JTnKthNk,23,,0.067712374
1IPRwv7FqZvdaawA2YWCcQ,Sweet Danger,,0.06773419
2w8ZuUEbPsX2ZeWaiHHSCz,take me home,,0.06776001
34nQUHjbkQLuNKFWwlyYQQ,Blindfold,,0.06776995
5ON8OuNPxGE8XCXKII145q,Where I Go,,0.06778262
3hBFQgcJIcIXPI4NyxztEe,Rock On,,0.06779053
7H6KN6M4pTG98RBGfgVFWg,Panic Growth,,0.06796449
2lXFtsU8naRn2mC0DACJEl,Festival,,0.06797899
0Awjl9HDjFyuccbiGJ8UBs,Fatal Attraction,,0.06801462
6DYLWAdxEJvwWmT7EkeDkX,Charmed,,0.068123624
3znapZvsInnCVsDERDUaM5,Some Girls Are Bigger Than Others - 2011 Remaster,,0.068150684
3vxvz0JoRDvnx2jG9oPljA,Love You Anyway,,0.068223745
4WFWh42DCkPCjcjqITk54S,Different This Time,,0.06824148
3kkSSyi0HZyX9k5q0PbMcZ,Afg,,0.06835818
22hjpM2j5KWg7zNyve4T1g,Mockingjay,,0.06839992
5UW4tA4j23YL6kDfRw3rWT,mangetout,,0.06841891
6GlqJG2mnJIL9dhVHku4JV,Truth and Rights,,0.06849985
0Xe7ERgKlAHTuf4XZSjxaT,Ocean Swallows Him Whole,,0.06852853
50ASFow3YrVJJpqdzaM1YD,Carried Away,,0.06862435
0deK1kN7aBhfhCy0BEoN1G,Riders Of The Moon,,0.06870793
4i4QN9Zs5s7OZRRLIYHMmP,Souvenir - Remastered 2003,,0.068711564
4uwdzhJ3WIStAyGpzLyZlb,Triumph,,0.06895725
2tpfPi4qSamU9EX5Q8FnNi,Pain,,0.06899692
05hutbOI2MgYSFk4UJ18rK,Reality,,0.06914825
7cAMlhhz8JyULNYexSHloC,Blue,,0.06919587
1wPlBxDgNGWPyPSDlS21MM,Мемантин,,0.06921944
42yFErprYYtoYtzVdkNNAg,Those Days,,0.069245376
6MN6yRVriszuyAVlyF8ndB,Coffee Cold,,0.069255166
2yDWhOjZhKZ0XqPXyjNQhx,Lovesick,,0.069256224
4nZi6XNe36Ut4Nij3IQ1yC,Silver Springs - 2004 Remaster,,0.06940143
5i5Rt40zinWyID6QGp8gso,Slow,,0.0694211
1JMyndqIXDM7cKmRu3nFws,Leap Year,,0.06953833
2VO8CVuLDVXynM8tQECALM,I Don't Know You,,0.069587454
6o43Gi1cX7Nyi6koSkwIBc,Navy Light,,0.06960857
4PJyhaPmELstvQHlupBC7x,Mona Lisa's Smile,,0.069697455
1Pfc1Qpj0s9vQumI0JvpBp,Jonathan,,0.06972682
71pLAOb9hGDPnDuGse80fV,Gatekeeper,,0.06983236
2rWwMiuamLrVIiky1hWJt0,Nighttime Thinking,,0.06986348
3LbPPqqqmmvEwjHA8YH4Wo,The Florist,,0.069873154
2wW53zzmDGmurWVvSImMKE,Your Name,,0.0698856
4UqolMz8WcdK1c8bqESKgd,Little Splinters,,0.06991267
66S2yTfMuvSob4M63zx8EI,Night and Day,,0.06993758
27824hvVGxllQecjb1dqDg,Just A Western - Boy Harsher Remix,,0.06996258
1boXOL0ua7N2iCOUVI1p9F,Japanese Denim,,0.0699672
4DdqL0E3TKUU4YBEhZ1vVH,Dandou Kodjo,,0.07005895
2cCFUxgUzRwauMRgK9qiGA,Get out of My Head,,0.070123374
2QNHdyqMIK2ovVVGXuJmZy,I Need You to Be Sweet Like Sugar (Nnge Nte Suka),,0.07012614
3v1KOj99kFIEod3m6e0scw,Elated,,0.07013071
287KCVQFtTMdXmfwzyyBY4,bite my tongue,,0.07013146
2FUo6Q5sEqiKn5Rwqr0fKz,Post Romance,,0.0701524
4SCx7FxXCoUsjurIj18UnI,Midnight In Saqqara,,0.070181124
2orcl4a2qxEpbsYeZXKsyR,Masterpiece,,0.0701964
0vlCOzte4bru0gK74lfUIJ,Once Upon A Time In The West,,0.07021712
6z6Nd3M3D38XJMnkEC0GZh,The Last Man on Earth,,0.07022686
0WQiDwKJclirSYG9v5tayI,There Is a Light That Never Goes Out - 2011 Remaster,,0.07023835
3GaamyFHQYbQi1ykc4nV4o,High,,0.07031534
3DYfyhF8JeaxJcvcOiSFFZ,Maladaptive Daydreaming,,0.07032375
0rcXSOU3kPbbeZ7YsKCHGV,I Turned Away,,0.070339344
4wajJ1o7jWIg62YqpkHC7S,Weird Fishes / Arpeggi,,0.07039648
4uIVFtMN3AlkLfGYGV7TPM,Touch Me,,0.070438564
0iFY19PUAR7Tf4lUHPfoVE,hello?,,0.070478946
3xBpBn5tKmrGzbOmL8mj9W,Pretty Vacant Girl,,0.07047955
46BIkntVmeG382rIo93J3d,Magnetic,,0.070518814
4LzFr4JTMRHA2Sdo6HmizA,Добрая песня,,0.070727065
0ZRnv9lXrT1kthOFt0llwy,Tethered,,0.07073154
671gFjeiyqUEIgXfLKj956,Play The Greatest Hits,,0.07077696
4sCZWXPj0Z8YD4s3BTGHOI,MALHÃO,,0.07079881
3YVTmWQvPWVSktD0DhtSYQ,Cool Breeze,,0.07083495
1UEHtXFVkHV77zWUaNKNFv,Özgür Ruh,,0.07087187
0K7FxrnT2QE5O4EqjQU7kO,CPR,,0.07088871
7e1f4ShDVCsHBB23Lee9Vz,Come Calling (Her Song),,0.07091794
1bPqUmahpsq322oJWYpnnu,The Good Ones,,0.07093314
4gtIYSYu8u2ItBqrhCaChL,Paranoia,,0.07094784
6I3cDZtsQg49ziBCOHp9wg,The Border,,0.071029335
5pSCNRGLvjjU9tMOh7mvq1,101 FM,,0.071156844
0yc6Gst2xkRu0eMLeRMGCX,Apocalypse,,0.07119915
4BCb8q2os9tD52iruP6ZGe,Billie Toppy - live,,0.07140946
0NboM4OVJy3mlosWeFWGA6,Save Me,,0.0714898
64fSdRkaB7ksxI9suUGYmi,4 In The Morning,,0.07161573
0ol8BKxwHSch3hloQs0keU,Face the Fire,,0.07162182
1rcD0RQGBfQ5AUt5lnDkjH,Content,,0.071694314
3PLlvksV9NfmoGiZXEqunJ,The Thief in Marrakesh,,0.07169727
2QvJ5GzPTZg2PEiPdPMdMp,Saltspreader,,0.07172957
6NPo6ZHIVtsT5DWXZPGpRG,This World Couldn’t See Us,,0.071733125
34HEEQqj3Ll9sBMPrLtTlI,Born 2,,0.07186501
6bTAz3pg5ywBeZHCQoleJB,Doorman,,0.07189604
4rCrSoFxqRFmnHQyFGlkbA,Shark Smile - Edit,,0.07195596
1SDiiE3v2z89VxC3aVRKHQ,Since I've Been Loving You - Remaster,,0.071993925
4GelkVuSPDy4429jeqAAm8,Down,,0.071996905
0dtVSZDRv6PorrnX0cbFT7,Concrete Schoolyard,,0.07200044
5pzVbYxtgJDovSPKC4RnbL,more than this,,0.07201765
3ormA7DxsMVGiTRZy0vNZC,never gonna be the same,,0.072138034
5j5jfVrbo9X5jcsHqv52zD,Faretheewell (Fred's Tune),,0.07214363
3SeDS5sSoWnwAZvVgkdKzf,Better in the Dark,,0.07217592
6jZdIG1pm8LRHRSwnbCju4,Quantos Queres,,0.07225593
3jnWcVXllHf8azN2FS98bc,What Do You Want From This?,,0.072463125
2E9NI5oPrAEmUB4QaMVyzG,Monkey Throw Monkey,,0.07254417
3Bl4FyRBIaOSvvYI6zHbpq,Playing Classics,,0.07256327
1VNM3NwmtxBsZ2IAcmIeCA,Cages,,0.07257509
47HdXfgydiy53cEiD6lhU5,Call U Back,,0.07259005
3Zu0AWO9PN2lP2kCls5mkq,Angel Of My Dreams,,0.0726118
7x1vOvfRj1NkoaMoAFlwxV,Eyes Without A Face,,0.072657526
5Htc8pV3I1Wj6fAfqviSYz,Love Our Way Outta Here,,0.072727546
4NYQ1giz24QOgb2MYajhBi,Cemalım,,0.07276811
0CgtgR2Rz4z9zmbclEhpg8,Scorpio,,0.072867505
4XiFLayUzkf5kQotrWIQcS,Sane Eyes,,0.07302897
0AxZUYeQ9bZwSdt1LmZuok,Heaven or Las Vegas,,0.07309504
0xsACxtkQkj3tCkmg0ZPUX,endlessly,,0.07311578
0LtvtUdwGVMHqkVETsfLjs,Second Sun,,0.07318862
1yv3VGlrV6cuai3FTbwHTa,Loving You,,0.0732509
1ZCDInnCGU2rRTfEhrJaSS,Wither,,0.07343065
7FY4KAi2JIoPLxNPLdmnAY,Luv (sic) pt5 (feat. Shing02),,0.07343532
0VHSTRmqFJ5DXcG5pfzSjB,Be Ever Wonderful,,0.07362405
6pAfAhSBOeNi5Tw8AfB5RQ,Delicious Things,,0.0737839
1LomCMl5wD3MPVlC6smUHe,Don’t Delete The Kisses,,0.07379294
2Asd0Ta6p0NFB5AJ1CTvKc,Love and Other Forms of Violence,,0.07381514
1EHmVMPkdlmj5u6SuuUIgf,Goose,,0.073906206
4naHtz5EZwPfoNMRgraI5a,pillow talk,,0.07390985
6iyloOjnRUZfSS6VQooqDq,Roobosh,,0.07396336
150YFzVSZE6sQrEk084PVM,Just Want To See,,0.07398962
0QjoRYTJCq2sWsJy3DYch1,Get It Together,,0.07415756
00FPHiKX0CAJ767v58xmhO,Pray To That,,0.07417282
0mC5gcj4CooTlw5KY2Z3us,Temple of Fervor,,0.07418557
74dDnzEw1fYcVgbYXmN4dG,Florida,,0.07418628
1UbwpyozDvufPs6aNPW3ti,Ben's My Friend,,0.0742768
6A5288oCKM2gN3tqzAqiYI,Break the Tension,,0.07435004
6GEIpzW14NtOjqHejbcSRE,Journal of Ardency,,0.07441819
2HIMlOV55G5S11mWcMyQ23,Maya,,0.074458234
25Q05zXOeVaQU2l4v68ksw,Moonshine Got Me - Live,,0.074458495
61fnOBpTBUPjyeQVobKJqL,Dark Days,,0.07463277
18gcopzbu2DjQjR2DI5pE8,Plastic,,0.07468635
0WVswM9mX3DjHpH1QtYyW3,Ain’t Nobody’s Biz-Ness If I Do,,0.07492857
3cxqVYtrpDyAC4faMJgB9A,Hypnosis,,0.07500016
0v6SGngDWqFNVPGMQrVZbM,QuatroQuatroCinco,,0.07502105
3J2WUEn6oFN8eDPZov7w9I,deep in it,,0.0750276
70eSR8YlHxe2wN0tyI798E,You've Got the Right,,0.07511526
6XPbmOOAkhEgtGo93VYpQ3,Sexyland,,0.07526114
1oNkfxcOMhBtt3JW74C0wE,The Indian Dance,,0.07527446
4hrL6mHfQ6JjnLt83vLkpl,Where I Sit,,0.07529436
2zQt8dSCFA95mVfuJlw5Lv,Things We Never Did,,0.07530651
5Hq3XkSIa6kJ46jJWkSJRh,Boreal Forest,,0.07535866
63JK811l2UcpiyDvYFCQX5,Life Signs,,0.07536348
1G2vhohQ5dh0FXwPSbxVde,Sand Angel,,0.075502254
1XMQ4v75bj65rHBCDwaBGc,I Had a Real Good Lover,,0.075607136
0HrsOXHxl421JdkscJY1mE,My Turn,,0.0756539
3BmGfswCrv2p1It4oCdtU6,Controllah (feat. MC Bin Laden),,0.075665325
2kiCjjIJznzvPuSTtPPP4O,Self,,0.07570591
5E9qBEUja2yAjUPhQO8Gx7,life imitates life,,0.07573781
3wAX3qn53iQUFE84hpfeen,Simple Twist of Fate,,0.075765856
4JGKZS7h4Qa16gOU3oNETV,Dreams,,0.07586414
3y1EzRl5UEQxxd1f6Bv2aN,When I'm Small,,0.07595275
4WNxeqW1sZYGtWRyL1xwCl,6' Pole,,0.07609288
1MRQ49rkgqahm7K51ZjtRf,DEAD,,0.07624321
1z39HxPKJwntGsjKS2ioBk,Elated,,0.07629226
2pXmFT6wwkq8fdR9zbmkiq,Metropolis,,0.076296665
3RqOpi2YEGwRM6xIsOqThH,Şad Olup Gülmedim,,0.07640659
6zcARpNpbhakJqS7pcXPfM,Doomed,,0.07646099
3Bd2WMsjL9XbMQeuzBSN1t,Motion,,0.076645225
1k3wyuaRbrn3i4YsU8JGD0,Great Dane - Radio Edit,,0.07666721
1u1Iu7ebAGmzTFJcx1ePir,Dreams of Emotion,,0.07667667
546luzeHBxdcU8YZmOs6ph,Garter Snake,,0.076748036
5J0aNEUTxJWKXnQmyY3vUp,Gypsy - 2016 Remaster,,0.07679659
4MEuU7MRGIWgFQKz6oNG5u,Machina (Ft. Mariana Saldaña),,0.07681122
66O0pFEFp23dgYjoAd6RKK,The Big Big Beat,,0.0768211
5rRBzP3ywyBThLLoQcJuOv,Be Kind,,0.076870285
6ZgDu9eMUxOrVxprLqCmoY,La ritournelle (Gilligan Moss Mix),,0.07689694
3DlDocuWwiY9SWHZRLs6UB,Two Weeks in December,,0.0770232
7jnaAu7P745QnBBHm3RtSU,Rainforest,,0.07703766
1DKYtHoBNbqjMLqvpw7o73,In Another Time,,0.07711974
2luJ055CDIvQToqSJNSukm,MAKE MORE NOISE OF YOU,,0.077303044
2J6nVpYkMJI6KQcn11Lcjw,She Has No Time,,0.07740536
05jpJBvKKsOpFGqw1uDnZ7,Loro,,0.077594325
1ncSAZD0bzvU3cu0uPLbWd,Midnight in Harlem,,0.07777897
1uSsf748N6MIQWs9R4t2tG,Organic Rust,,0.07793361
4dXS7rCiTxeaYXStGVOFDe,How Can I,,0.078450374
3AFdvMDUV0wDrXqaZc1Xk0,I'm Ready for Love,,0.07854688
0VTfnZjTjFdnqYnLDLnIxy,Toothache,,0.078572944
31CUpxUq8CF3HE8CDbG25x,memórias,,0.078938924
28m91eN8uNigslRoklaqbf,The Hum II,,0.078949235
0L6jioMhnY147bVXMNFH5P,Claire,,0.07898584
5Y7CCUdF87MwbmLllXplou,Anvil,,0.07900766
5OTflYC7fuDazjkA5QFakF,Lkj,,0.079057485
1nWyUagJmVzvBGTMDeY73L,Rhiannon - Live 1977,,0.079078056
4LtgB8Rg2PJXqNuRs97rXl,Sexy Boy - Vegyn Remix,,0.079114005
5u9cuDcYdOpSRB7fAYXXdp,Marcel,,0.079311654
1kQgvgzTxrGQMU8HjR6Mdv,Proto,,0.07935324
3l3UWQi6ADhNkQ0V2cZPL0,Love Is the Message - Eric Kupper Remix,,0.0794196
0hgMeht3JQJbouWXrMwl9v,Tilla,,0.07949544
1UKobFsdqNXQb8OthimCKe,Helplessly Hoping - 2005 Remaster,,0.07950092
2knKUI1k57Q8Ox12Cxj8Pc,All That We Perceive,,0.07954069
4yW5a8PrpBWXToMNDbHcI7,Baby,,0.07963635
5Jr4XEiE4gn7GNqA8131oW,Found Me - Garage Session,,0.07963677
6k5VMHrwv7mgPpkQSRQtQr,Lebanese Blonde,,0.079726666
6CoilzKoYntsgLtOiQfHGl,"Dump No Waste, Flows to the Sea",,0.0797709
0Vnub4syONvVZQsVkeJ1Bf,The Shape of You,,0.079851955
1ShRHPAiiIrh0arZbSFmx1,Heavy,,0.07987804
2vHq8p1ECX8VwrAy5Ral34,Chasing a Comfort,,0.07987897
4ruxo0MtdQ2SznMsRbX8Hi,"What Will You Say? - Live at Südbahnhof, Frankfurt, Germany - February 1995",,0.07997441
1Jy8kD72Pk84ICD44Funni,Imigradan,,0.080116905
79cP1L91Wq9HzGKJ18h93q,Dere Boyu Kavaklar,,0.08025155
2RJuCZXtZYubzTW78kmaBx,孤独の発明,,0.08027988
5uTjNzGKCQ50synrf9dWmT,Ritual Union,,0.08046669
2DlQebxCASwldz0Kkqjq2O,Going On Words,,0.08048816
2gKrcGKOIhJNhd74kEcWtx,Future Days - Hey! Douglas Remix,,0.080494724
3taJAycdmAmTzRtuDiEZ0C,Milligan (The Ocean),,0.08055437
6EhvKB4Z8IiJ5kU1n6j5L8,Escape,,0.0805827
2FwDApgXk91kXvqy2oB7dz,Simulation Swarm,,0.0806535
6agYTN6aUsYiwb5jl764UL,Three Good Things,,0.08067159
69ZC6imDJimCUdVq0Kqeue,Space Child - 2007 Remaster,,0.080712184
6h3OJ3JnPdCOJAzsxtyK1y,Return Of The Sharp Heads,,0.08080157
6ZdAsADC9LIICvsVRuGWbZ,Sugar,,0.08089738
2tHdQjwO5zN86MLF7ZtU1X,Venom,,0.0809698
16rA17SnfOP6fGSrq2rAQC,Take It Easy (Ever After Lasting Love),,0.08107032
1IDQXWGLzpLIAvMHJIMgU5,掙脫,,0.08127005
3QQvSQKV8YmQxGolwwWe59,CATFISH,,0.081394665
0LIxC7OvubvVRczuCt15iq,Here Comes Your Man,,0.08139545
4JCPc8nCOMCbtonSM9O7Dy,Leach,,0.08168382
2dtmRzFn53dbEuVSD7eEs1,Silly Games,,0.08175177
6RJK553YhstRzyKA4mug09,The Letter,,0.08178064
1gRFit2OcumxYZ6f1wbVAT,Gun Control,,0.08184817
6LYTD520VLyXhz43D9803i,Death Comes to Town - Bonus,,0.08184983
41P6Tnd8KIHqON0QIydx6a,the perfect pair,,0.08193955
4260LidJdrfVA2hLpec7ZQ,Cara,,0.081943095
6TMFu2G30mo3WKetmiwlAh,Kẻ Không Tình,,0.08201979
6KzI6EM1QYyOq5oudPlcWT,Alive!,,0.082123786
758wRKWhWbYnae38iQSrUQ,To Have You,,0.082272194
3modItPxv7WPVIuSMLW496,Swan Lake,,0.08246642
6ZskYeHuqIwgFPFqTgySf0,Sawtooth,,0.08278396
7apbmI4FzFw4KNNx1DcNmh,Notas,,0.08280306
7xZSu9FKC7bvO3fXVjN423,FTA,,0.08290927
3uIQZXaYnPrl7ROe1BkKtA,Just Like a Woman,,0.08299333
0bhwnn2xqnBUcMZDcXNuII,Hey Lover,,0.08305815
7mykoq6R3BArsSpNDjFQTm,I Really Want to Stay at Your House,,0.08316467
6hDeLG5wbRjk1WFHUsVsfP,Just One Look aka One Look,,0.08328475
4yaLykONMz1l9e0bErOJuf,Take Care of Me,,0.08348941
0gCJkpD0RhF2rjiALLHBQL,Almost Cut My Hair,,0.08351651
48X4D1FYOShPz2VF3YdfCF,House Of Cards,,0.08356565
4xlpJ99yL9xYQtzG6c3hwk,Luv(sic.) pt3 (feat. Shing02),,0.083683416
7FLc2bgmWWtviB0cakkaCO,Earthquake,,0.08376851
0vZKmu0uwHBhcTAZj9he1T,Dunes of Djoser,,0.08413448
4YDl2Oxc1mVRnZsZAbNzI0,You got time and I got money,,0.08421053
5wbrVIxqyoW16dxyqa9ZLQ,Tomorrow is Perfect,,0.08438944
6uAGJqaLlsxezaQ4CDfi2G,Super Sad Generation,,0.08448938
0otN4xqX87CxYFtbzQEPkS,I Don't Know,,0.084669694
6DjKJgwe9c90Bd2iya0fre,Can't Stand Losing You,,0.08498082
7nkFFHdcmRxvtasIHmnXrs,Natura Morta - Reprise,,0.085011266
1McHU7TbeVZsSMQb4UCG0B,Khomo Tsaka Deile Kae?,,0.08513153
4X9JAGRyJnnHN3KUjq1r9C,Underwaterfall,,0.08524307
0InIeZW4P6VO7dUGRM4AKH,Sienna,,0.08539914
6DrXZwTuhl5Ow4mcmSWjME,Songbird - 2004 Remaster,,0.085464194
4E5N0mYyYFf0QZs3XDeSIj,Summer's Over,,0.08549133
3nDfx9WqSNOfbuCP4yonzj,Gyöngyhajú lány,,0.08611785
2E5VifrEUwhMxEloXd0kmj,Woo,,0.086301364
34FhndFs4d8ltOVj8JqN4s,Jammin,,0.08643056
4MbUcaX58NkUmKXe6FuBaV,Blessing It -remix (feat. Substantial & Pase Rock from Five Deez),,0.086462505
4tkNgiSmXKDIVEQ60zpUFs,Hurry up Tomorrow,,0.08653019
1Qj4H2YJp83dd4ATpXN4UV,Someday - triple j Like A Version,,0.08656276
7L6MWNY7DJhsWGIxE5C3yx,Found,,0.08665343
4aPjgDh1jwbkuPpmHmKAHn,HEX,,0.08681563
1zNLILPGGfMdEnifTrnY3z,Cattails,,0.08720374
5f5Y8K89PXLulAEKPTQkT9,Chasing The Sun,,0.087260924
5KCImgNkGpep9INr8iBf0u,Underwater Haters,,0.087283395
6bQJTHN7wbjNQfsMRospJi,Quarrel,,0.08739035
7eVpAwkc2iWeAC6yATfrhm,Faith of Old,,0.08744982
38EhHqsV5NX9JrC2D2qXNI,Whoa,,0.08778078
72VliVsh3slpViyWTgRtgs,Got Caught in Amsterdam,,0.08779818
7pk2h8CZaVkXu5g43FChqX,Gold Plated,,0.087921605
2qG5GpEbSXICX1sgVMfdSV,For No One,,0.087956116
1wQBI2DEYltF2XlKs07D7G,Girl,,0.08798306
2TOC6PUfa1b4j0NBxDCxWD,Senden Başka,,0.088071555
0cDQyfkR7kYIBITKccaDmN,Harlem River,,0.08817929
1IhbRAiJjVqsUyBcqP3S1p,Anything Can Happen,,0.088217966
5TmPIwJXE94U8WPfCfOn6I,Open Soul,,0.08821799
1WbLKgeGt4Ilo74WTByV6r,Maud Gone,,0.088373944
1a75L8LvFXhHewsANrF3K5,You Don't Know What's Going On,,0.0884668
5qspeKX1xBacLJMm2t3Yc0,A Lot's Gonna Change,,0.08879004
2LQhv7koojxUMrDhjYNu0E,Low Light Buddy of Mine,,0.088938974
0BuFVacij84JZllooIeFn6,Blue & Gold,,0.08964253
2otu7rCdh00SdDHpviTch9,Where To Turn,,0.089643404
0ldTcpmFsxEASGiBBIfVLW,Johnny And Mary,,0.08965444
3rRAR3YHRFShjEaHP0o9Xi,Tailwhip (Album V),,0.089743175
2yAkWxOQwAqhC15vBK6ylR,Kum,,0.08994907
6IUwiHsyKAZtfBy37Wu4ij,Heavy Water/I'd Rather Be Sleeping,,0.08999899
3qsrQ6j2c23Yb9K1WkGr6W,Euthanasia Daze,,0.09003979
498rJ13u7pBsT7datcqL8Q,This Bright Flash,,0.09023109
30qjR6kQ5mEoJsmHQQ2580,Do You Feel It,,0.09080723
6oUA3HsT1KBCrnHqaxtg23,Underwater (Hinako Omori Remix),,0.090879746
2Zw3HNjaNV42LnQ2uY5JQs,Myth,,0.09121855
6R2YSITVeRTFwDczaxSnQS,Hard To See,,0.09122143
4riDfclV7kPDT9D58FpmHd,Some,,0.09126097
1vx9pgRc9liElaUJkpAHYo,No Words feat. Brenda Boykin,,0.09172921
2hulWLdzjBexk2bxQpcUp7,Silver Dagger,,0.09173417
0WPOxxoEVoglAvhqroDpQA,Where You Belong,,0.09180466
4TpsQWUmkbupdxGUIvxw0O,Sand River,,0.091893315
25JXIE8PRud2ADT2ggbS26,Square One,,0.09191518
2YIOkqKgg3jZEFoL5qcEPT,The Rat,,0.09215775
3impbLGFvLfRkGrpJpBBX1,Carry Me Home,,0.09240816
1DWZUa5Mzf2BwzpHtgbHPY,Good News,,0.092417695
4p3sIGdKAgRqrTvu3IpGnl,DEATH ROLL,,0.09242223
5EUh2m1rTsojG22W7XrCBG,Body Language (feat. Sasha Keable),,0.09258279
3v2OxIsGWJXWfLuRkB59Q6,zombie girl,,0.09306956
70VTTe96UJ9QUyFYbsnW5V,No One's Watching Me (feat. Olivia Dean),,0.09318189
6poYscuLQG8hvpxNnyeMUV,Get Thy Bearings,,0.0932023
4W7a79vsMOYY1yDtDjuAgw,Dançar Na Pista De Choro,,0.09321016
709jo2gHKnJrs2WRJePRCY,Echo Arms - Echo Arms [Bonus Track],,0.0932759
2DbshDX4wiEqioqKqK0v24,Afternoon Variant,,0.09400538
0BV2Qn5ZFA70g9bSWmSxvq,Garden,,0.09423963
3nb2awsoNpohW96canbmAr,Numb (Album V),,0.09436927
2dKkVF2m160z0RNDN2dddc,NISSAN ALTIMA,,0.094417624
79FuVz4OLn3LvBa7GhyKX8,Where Can I Go?,,0.09442487
5B2ZOpbW6wS6pFRxuSc28a,Rise - Oliver Frost Remix,,0.094486006
0Uhnzk5zI46IRlQ04LNOtc,Hey Ma,,0.094692335
5QH3pNXpDzSIMziqX9lL1l,You Look Like Rain,,0.09477566
4AGapwTVJn5t8PEMJsWMRu,Little Green Apples,,0.09494307
443sErTxKXGiISwjsEBA9u,This Eve of Parting,,0.094969496
0zHDv0mH8XLB22SoMnhYZz,The Better Half,,0.09506091
0ZpgDIYEJ7H2g8zkIEDQJz,Talk to Her,,0.09515031
5Jvwhd4w45qwaPQBgZOT6g,Soul-net,,0.09517153
7zFXmv6vqI4qOt4yGf3jYZ,Get You (feat. Kali Uchis),,0.09561523
4wwRROf47MXBX5u5Knwixx,We Trying to Stay Alive (feat. John Forté & Pras),,0.09562478
2pKdE8YhzKRshWuQkolWlV,Hustle,,0.09597579
43li6JLxAxfmyVlHIbO9rn,Suroor,,0.096040115
5mWW2kP2PSkTo2CsCJQZD9,Big Fun Never Ending Nightmare [75 BPM],,0.096166186
2VjXGuPVVxyhMgER3Uz2Fe,Ex-Factor,,0.09620579
0hfCJSLv2bpdzyfu82P0PA,For You,,0.09660726
0X0lzkNl0Pvib4zIODiqC3,Don’t Explain,,0.096663795
0Ziohm1Ku8E2yUDYoclfhO,Angeles,,0.09682549
46Lsse6FFUs0MZJfkUKVOl,Westside View,,0.096983895
1b6fmULpHj08RMmHfARJ4e,Selfish,,0.097094245
3Sn9K8NSgJbpXciK2ZyOJC,Seabird,,0.09761404
2je6uts6ZZW5m3khFJeWPD,Make Me Wanna,,0.09766147
7EAMXbLcL0qXmciM5SwMh2,Heart To Heart,,0.09772709
6IVlHRrjTKep5SS9kbcpTa,This Is The Last Time,,0.09783816
7bFFH4Kfb7rwbDdDli0TAF,Comedown,,0.09794517
04NzfvGky8pjtMX7u5TpAC,Man On the Moon - Miguel Campbell Remix,,0.09818099
40oGQgh37YyJpbC7Q6jtEE,Sequoia,,0.098467246
5Bc0CHvXgSkK609f4oZB17,Don't Be So Nice,,0.09860426
3i7XRi2UyvGTdJawJRkVhd,Certainty,,0.098670274
3PAflYZhStEXU0FY6yN98z,Little Bit,,0.098739915
6AqFR4UHMbdlMPcJGrynXV,"to Perth, before the border closes",,0.098822705
2ndM3m6c98W1jt3X89LXNH,Last Sniff,,0.099271156
2NLuFrdfo1i9O82AiRBwT9,Cool Blue,,0.099317424
6gJ2H930mAD1zRqmoFiE4W,Hold It Together,,0.0993465
1m0h3R7ypXe4oddXKF785J,HEAVN,,0.09939048
40nm5eMG1TuZqbcwAfyHyC,Lonely Feelings,,0.0994672
6ikh8e4YxgOlb11LWUaBp4,The Keys,,0.09950606
3zuPdhijmasKIcqPxkFu3v,Planted A Thought,,0.0997549
0MptIBgkeSG7fwpI8IRM8S,1000 Times,,0.100056335
7ci8UKkaffhrdXN4vbt15m,Trouble,,0.100199945
1Wo5tkzxPBoqOfwoTSMNJU,Ohm,,0.10024516
11hEwcy9LMEvzAlOYAFhkK,"not a lot, just forever",,0.100262575
3n84Ht1sQY1kaChBAJn5XN,Thorn,,0.10036014
5QUeSXjTMHbq1fW5da2waF,Place To Be,,0.100374855
5xjjVvJXRaJH0XdK7sDIWg,kick in the world,,0.10042036
7tJEJQIhujNLn3fuv0E1Yr,Птица,,0.100519635
5crkOzXbUZ5SOSkSat7g4T,Lou's Tune,,0.100662105
3WMj8moIAXJhHsyLaqIIHI,Something in the Orange,,0.1009451
3n4b69b4vy45JXWJ4fvWPm,You Think You're Radical,,0.10157354
1HBXXiiegRl0TpzgikBBTP,Shirim,,0.10172701
7dg3XqARw7qOrkt9pZZNRF,Sunshine,,0.10216426
3oRmL7VDUQu8EC16vFNAnL,"Cold, Cold Feeling",,0.102201186
4pdLZsxq0y5oJDb6Cxlokw,You Got Me,,0.10234356
0hOTscjYLasYu1n4PpMKm6,With a Sense of Grace,,0.102522664
0djZ2ndRfAL69WYNra5jRC,April Come She Will,,0.1025506
51mk2bAJNej4mpA2Q6Zr88,Freedom,,0.10255168
5P9PQR7CM5YPEU2I3EypWM,ABQ,,0.10284102
2hjMPS9C8KOcXQxbMaTZuG,Adımız Miskindir Bizim,,0.10292623
0M8JJ42kXmyhSAZlzwWMP3,Don't Let Me Fall,,0.1030153
4PgZTLaGAMlKD6FCATr2sz,Lions,,0.10317959
4bYqOnDzT5OpmfA9apUxyj,She Brings the Rain,,0.103383824
7mneRO01pJtLWlIiSptL9d,Scenic,,0.10340539
3GWwwvdISFeT7Xjytc1NDc,Sade Like A Tattoo (Skep's Jungle Edit),,0.10349668
7qSZf1qhfunLripaNoywwe,I Kill the Devil Last Night,,0.1035623
4R5GN0mBvb6jkRj3Zvyhkl,Will I See You Again?,,0.10363033
2uL5xDjTRmqxvtltCKnhxS,Blue Train Lines,,0.104104675
0eVz3hV2xOXdneGpnWDFpb,Sugar for the Pill,,0.10427086
3jwtAvbYIqd1maiNMzUTks,You've Got a Friend - Live,,0.10431466
5JmWjnv4BG5E7y6ijLzEz5,Boss,,0.104335696
7qmPa8g9UU8OOQhYAdFGuY,I Put A Spell On You,,0.104366556
7LJz6DZS1tIRB06bbYbAPi,...& On,,0.10454219
2Xzgc9BFT2oONrZcD4EW1Y,Tunes Since '89,,0.10500106
1iMOlA78LDd12ZHhuBNDh6,Thinking of You,,0.10658413
104gvc1JDyW1PXCW9GCP17,I Couldn't Love You More,,0.106828466
4SsTGcFqch8KEvS3Ag4QKp,The Unknowing,,0.106863625
6nxTxnL7bWifavw10ed6YW,餘燼,,0.1070489
65HglZ8oT5RoiXit0sweZP,Kelly Watch the Stars - Vegyn Version,,0.10725788
63rZ9InG6YLtJH0ML5YWta,Skinny Ape,,0.10726747
7DAuQoUWFq40NBVXwWs4xU,RagJazz,,0.10758023
476V2d6iA2tWXgQboKmTtA,Father And Son,,0.10802996
5xoRxpEvn7a1Q2lBVYkft4,Cover Me (Slowly),,0.108063206
2igKr5EDFxsO9Gf9AFubxf,Something Holy,,0.108216375
50BLjPGDh9DjVp4qwwyG6d,The Happy Dictator (feat. Sparks),,0.10823561
4mJz9boLlkYuZFue3Kn6gs,Missing You,,0.108281605
2QPOYxo6k95XvvptEFcf4M,Lucky Sue,,0.1083631
0SKjqIViHaXWhmaKuJbMrq,Sound Of The Underground,,0.10855632
6MWHjTCcDhJf2luEoeG8qh,in my mind,,0.10889046
5TqQuHUTGBRwqrAEmqwJqz,Gumbo,,0.109052464
45km0xw8rSCx7sIxfZWOiT,Time Moves Slow,,0.10912566
0ZYdUkAQmKHsaKRmq8tWSE,Lullaby - Remastered,,0.10971867
7hjqxwod60R36qbOSeqp3B,Nothin' at All,,0.109785035
3HoJJDmaZlOzaIIJXElHjE,Angel,,0.109836176
0kMDFI2uqA16c8rWzXWlAU,The Jam,,0.1099652
2XEVxxTx47bCDeDm7vnXoi,Indulge Me,,0.110296406
32dEhDuDrALoe1c8irQ85U,Meadow,,0.110657506
0gSLaX91J2Cs9cWXqsRc4X,Children Of The Internet - Ezra Collective Remix,,0.11081863
11u8c6LbxMGj5JmwYCJoo0,Queen of the Deep - 2007 Remaster,,0.11084761
4juzduULFJiZVIcrC1tkxE,Banquet,,0.111079216
4Dk6mrxXQzLMgpFHO2yRY9,Dream of You and I - Extended Version,,0.11133564
1BlKXLdPO2hLs4eyvWTKON,Empty Beach,,0.11138437
12n47FuVsiUGug0xkiGkSc,Let's Straighten It Out,,0.11140688
1R0W8VS68q1I6kda7B53lg,เธอคือความมืดมน (Darkness Fall),,0.11149186
16u0bhJR6giRIVAfExrEVC,Brain,,0.1115615
3sPDmIUlxSQq91p8Lrv70L,Chapter 7,,0.111810274
6vB3dkbTERT1L4vXm5IZJn,Sevda Çiçeği,,0.111834355
5PQwmOZwMhhV8q8QMpCRAZ,Fool,,0.11210015
7evZupg5PABNPwPK3XZ7M3,Secret Xtians,,0.11219092
5ICdHl6m8XMMZbvAR3fylo,Guilty,,0.112302974
2eC43PWHMbUnwqCRZcbGfo,Exotica,,0.112414
4mKvpB2wazDRLnDJymBNbi,Ideal Woman,,0.11245909
45ejirK0hfPnsjgzj3s7gP,Music is mine,,0.11275654
1QdkKZNLurcXKPQ9w14tzs,Petit Sékou,,0.11278212
2gtAkWncoyvhMFxowAsDiE,掃興,,0.11291478
65u7IbuZ4viAlVBHxnpos1,Latitude -remix (feat. Five Deez),,0.11332537
43pWChQ7AOab9wlSGy0dN6,F.I.L.O. (feat. Shing02),,0.11339608
7BeDGBnTV2SqchXGAegMNm,Savanne,,0.113472745
50RMgtg1y4rolRtEdinzlO,Jump Up Quickly - Zero Remix,,0.11360737
7qFLFQOYcytDd4hejiREzk,Pines,,0.113649346
37UqKODHKTTIhr0Ekys7EB,みなしごの雨,,0.11408251
4mNU7ddD6fRyjMRBOOfj28,Alegria,,0.114285365
5uYKRngGNqiMHrpF2Gb1uA,Oh Dove,,0.11492011
2Q3OstBAvES3e63tQTI2uK,Rollin' to a Spot,,0.11494466
4oowvb1qhRTkIQkJsO7qfc,1992,,0.1152216
1iJRCfV3qbbCrxzpAcqMvY,Dambala,,0.11532148
5LInOGDHqrgetnMlnvaDNq,Everything Eventually Ends,,0.11556026
6byGMdwFLHl4KNAk9i7Dom,"Open Sesame (Groove With The Genie) - 12"" Special Disco Version",,0.11561311
7ht9gaFe8hSIp5R795x87h,In The Modern World,,0.11578471
5QO3UJc1gF1ummP75n2b3R,Goca Dünya,,0.11580868
0NbZE2OwGgsClAu4mYU2ZM,Plain Gold Ring,,0.115899995
2pqoh1jUQoppztoQRRGyKK,Punk Rock Loser,,0.1160982
5GCXKEqSBkkefcmrsgxFEp,Calling You - Extended Version,,0.11672114
6SGWSjExVaiaX1sHUwwB2p,777,,0.11715001
0RD3NWnHlyBCRwgNZy8QAn,Asleep Among Endives,,0.11734314
60lqD2feVf0gw36nreA2E1,"Africa Calling (feat. Preachermann, Tata Din Din & the Antibalas Horns)",,0.117345616
0uMZbmAAgOhdMrv25iPEH6,Goth,,0.11762374
7uLwQMWSUEAOcf1RwBI2oA,Tskals Napoti Chammohkonda,,0.11765671
5233fZGEk0FY0AzdgLaWch,Everyroad,,0.11775082
1DmtSz8KMryWtwDm12MawH,Paris Blues,,0.11793016
0ig9qLenoEShtGuX1lSb47,We Carry On,,0.11826866
6DPsM1517owfAw93lmTcaD,Initiation II - Wonder Why,,0.11838845
16ZUZZDOUy5i9YfzPDKVB6,Jenny's House,,0.11852615
4yp2R2aJajXoikDBca9sNW,"Mario, Pt. II",,0.11855674
5Wdyg2LLFZPPlYUntexViV,Dawn in the Adan,,0.11871859
37M3f5O3nMjnAGK2I5Qve3,"The Ghetto - Live at the Troubadour, Los Angeles, CA",,0.11882275
4TswzQQUaTmVwUtucHxzjM,Decent Audio,,0.1188623
3GJbXOYweOltxSiOsCNkMd,So Tell Me…,,0.11890022
6NAXW6IwUyswJk9bHe4y9S,The Astounding Eyes Of Rita,,0.11920379
2Zzu0xvM9FNTOi2jNdS8Qg,Nostalgia,,0.119458646
7CdyXEfjIPbWSC3Mc2pngt,Boss Clock Me Style - Radio Edit,,0.11956608
16kOBCcbwdlNNyCLfi90Qm,In My Zone,,0.1196309
6V7BNo9nTF6g5pbPm4YXc7,Ocean Bliss - Paradise Mix,,0.11976351
0BQ0ZzRiojTMbWeMbNw6LF,Flow,,0.11989395
7gX6JfIHgPeiaTbfJeTU2K,A Name I Call Myself,,0.1200451
3MyQn1xBQwPtFJUUP7zB8s,Real Love Baby,,0.12006353
52ksVOpMCbimktgmI59GSq,"While My Guitar Gently Weeps (Live from Madison Square Garden, New York, U.S.A, 1971 / 2009 Remaster)",,0.120154604
4mraRJO2iZA5WQ5dxlSQx9,Heather,,0.12046111
0tdiM5whmw5rC7alWxMWsF,Morning Sun,,0.12069053
6rZtlYru44l92npSBTbUN7,Mother May I Sleep With Danger?,,0.12156943
1NjzNt18LlNTuJYErYGvbQ,She Needs Him,,0.12160304
0R3TWpoxAhT3HDXM7tpRzS,Ghostride,,0.12182814
3iLyAY6mucjT2lxrtincYz,Journey Inwards,,0.1218465
1nbZgajaqXmZQG24vl9u5d,Ballad Of Sister Sue,,0.12185654
626DiLKaEAoQfJ7YLdjcaF,Turbines/Pigs - Live at Bush Hall,,0.12186699
5KjR1RHch1sHoG7kr5Aazg,Old Man,,0.1220281
4PQ2UzhRUClEIt47oZX04j,The Flower We Saw That Day,,0.12218111
31urhIUG28rfxy6PzU6hQq,Sweet,,0.12229528
7pa1EJv9TrLtrx1ogsGtPL,Clair de Lune,,0.122375906
1xkOg49ZxldiM1ioIudwUS,Could Heaven Ever Be Like This,,0.12245365
0WAEGVylZjbe2mQ6Or6HxY,Cannock Chase,,0.12248821
3KiKpbpJp9QKuTZb9ocfJi,For Love,,0.12272315
2qvOC1CRBtwOcl2dlcOCM1,the slab,,0.12308221
370KB2rLOj7e9eLPYYpdoG,Small Worlds,,0.123173125
3Rl26h1HiMCV0HFHHVb2IM,Heaven Up There,,0.12372149
7Gs1FK9u9cssuERoLKDiG0,Don't Count Me Out,,0.12373953
7f1UEGMBMuXfLBP5XANfrW,The Hop,,0.12388207
52PgJoRz30sRQGOGqXYKdX,Zealots,,0.12421034
7jBmUX6GsVvZWCOvDQtl9Q,It's All About Transient Ideology,,0.12426642
7wkKPIBtnWwXpQxDXFSmQO,Not Today Mate,,0.1244769
7Aw96tEdt9BhDBU8PFSgXN,When Will I See You Again?,,0.12503946
6WUjz18yIeTGDR1E69WHtf,Porcelain,,0.1251328
7rGqI0ZGTmnWiKpylL5Dcw,Beyond,,0.1255342
6UO72VSXEONxdfLyABihs9,Black Star,,0.12554985
1nyhkLCpsgr9nD7TuSzXan,Hashi Mukou No Ie,,0.12575166
1lG27QZJVXbVieXyi8gHKl,LOS NARCOS,,0.12604076
5gtmtzXVWYFqKYBRT1zEXu,Don't Smoke in Bed,,0.12621088
2tBU5YTrFb3YnhOKmpPDmq,The Influence,,0.12628515
4smkJW6uzoHxGReZqqwHS5,I'll Be Seeing You,,0.12629901
3HZWqLhVeBLScoeaTK8IIS,Mama Jay,,0.12652647
0d0Z9qFbTIgDSZtImluTAy,Houses of the Holy - Remaster,,0.12666166
1ysLIDedQ43WRyae0PsViV,We Almost Lost Detroit - Live,,0.1268342
2XzHou7MZzOBQBqjWw86Nt,Love Me Or Leave Me,,0.12684722
1MvH3FdvO17S2eQ4IeNRCo,Bluebird,,0.12689018
6AcJTLIgNpxs5ERpo03QQc,Serenade of Water,,0.12744941
1KFtR58Hn1nQ9fR0DRnC9n,It'll All Be Over,,0.12747887
4W5xr8aDR1QNnqWeGgfmCs,Steve,,0.12757812
3q6ygCZID0OKj6MUxInB48,Lil Thing,,0.12761645
4sYBelbtFGRjYd8Lh9Ec7d,Wait. Stop. Listen.,,0.12798576
5jn29LE4vLfnk8FRpzj2IY,French Press,,0.1280006
4wd09wCccmxUB7XVJp0RNn,"Jesus, Etc.",,0.12823445
4oAREFhhWTmhRAvAN2yqaD,Return From The Ice,,0.12828828
75GbDydkgMJiSOIZ4Ea4j6,Slow Motion,,0.12841824
69ERhwgvqNXBuJdeHQwg9R,Бриллианты не навсегда,,0.12850547
1F1xjUJ2eGzm3bxC9beHVb,Caney,,0.12906866
7eLpkw9x3p88Fga5drnvqS,Blah Loops,,0.12925498
7IwXQOJoD8J2Ta8QFWVSDj,Romance,,0.1295123
5TImISmK9CQtBrt0rLbq0R,Help Yourself,,0.12966065
1erWvQ05qkF8j2vMUEAIMx,Pieces of a Man,,0.12974149
42KlNWDzCS1yZgCuvj26Eu,You Are Mine,,0.13014543
1KcZRMyC2tSs3CMIsng9wx,Otha Fish,,0.13051341
5ViM2bwFjNqx6K7w1iFlOE,Somewhere I Belong,,0.1307164
0sKfhhj6hYyJIXnTiZV9vf,The Sweetest Taboo,,0.13074657
0UqRhRTH7FqsnOR0AZ16rX,I Think I Lost That Love,,0.13076952
0Xa45V4G4TgdCa8AzvMm5u,Velours,,0.13095087
4VqPOruhp5EdPBeR92t6lQ,Uprising,,0.13146585
7f1331RouD0VKQMMzPpr7J,Beneath the Underdog,,0.13156016
6eXpxFGhRMssC5XnaxEhMu,Love Speakeasy,,0.13160484
6I8EbSSjimK98wiDCMtnBQ,Slightly Hung Over,,0.13161087
47LAI2iUaQc6qtDZABTC9m,Straight Lines,,0.13190031
36apwMphkcaS63LY3JJMPh,Rose Rouge,,0.13198057
3pslAdnTp3TpqPI5TFPW5B,"Galaxies - Live at Funkhaus, 2019",,0.13218838
15zRDvHmCqiGm4fqC8eVt7,Should I Let This Go?,,0.13243794
7EhEPcPa60LlvGuG9R1DOx,Luck of Lucien,,0.13249536
2xaaJcmvMOmpDbTwlWnjFh,Alter Ego (with JT),,0.13287091
3jB3vzH1WG6aiUiiLLGvly,Parfum d'étoiles,,0.1330875
4wTRV5h17Bo5cGJoTjq57y,Message in a Hammer,,0.13348168
2eej8hyValZva7TdN39zeD,Thank you (feat. Apani B),,0.13377605
2Vp0ue7NNLHFF6RKSdOEuN,Candy Says,,0.13381834
2lM43AfRQWwQ6SDmOJ5Zwc,Kaputt,,0.13387275
0wWAvABUlvDPqrCaeMCR1f,Solo,,0.13389927
3nBjn3U7kG0bMbZDpTIZEt,At the Bay,,0.13422945
2P2wemLwMXQ3G6Rox8lqjq,水辺の妖精,,0.13452588
3uVlbYb1nUwwcYziaJk9LD,Forgotten Eyes,,0.13459909
5Pjpd5FAuUtx42oYTfh6EZ,VGF - DUB,,0.13461103
3DlgDXIYtnWtJKiB8bZQMv,Photosynthesis,,0.13472325
37D9O4De2WL1hA6gyResgl,"Cheer Up, My Brother",,0.13482866
0d3O2HCMzSblmSsWd9Lgh2,"When You Grow Up, Your Heart Dies",,0.13487981
7egTKPYxbWaaV1jEzb1rHu,Summertime,,0.13499722
0i6c86ntKJoZpKk8aCHL3c,Cola,,0.13512512
0PldjOTKRt45S9MrLnlwVM,Kahlil Gibran,,0.13527074
56hyqliBwT15WP1sCdOp4E,Every Star Shivers in the Dark,,0.13527788
3tsFWhe45D6CGFSMA77T3B,Trouble On Central,,0.13534057
5GcEvCJs3gipjjTZNrX7Xq,Placeholder for the Night,,0.13598503
3NRql0A1Ef4RCvT473iqgD,Hell N Back,,0.13600521
7I8ftQPSknxqIH8jiuh6iv,All I've Ever Known,,0.13626687
7eF5YTrOtFSqDv3bbYQ9Mw,Quand j'serait grand,,0.13637418
2pH6l6mShQTLjYgKq5Dn6z,Dlareme,,0.13655233
2m1hCE9jEYZYwuDOp6eQYq,"Asleep Among Endives - live at Milton Court, London, 2022",,0.13655877
0d9kTMwZZsvxC3vBsZ9U4U,Fym,,0.136668
5jQcJ2st6yHWhUBjoDoZPH,Georgy Porgy,,0.13676976
0NG81T1PPzZv0AJDyVM1XU,Another Life,,0.13689238
468544U4ymd4Q2oo3zELxs,L.E.F.,,0.13702394
6A46jG17UumVQLqodsFxuV,Show Me How (Album V),,0.13709871
2NHVRc2gml9maFMHRgIC0y,Mr. Sun (miss da sun),,0.13778731
2Vt5yfzBBsYwy8z525XbMr,My Own Thang,,0.1378867
0GiFcmzeGdjY22pJJRQhXr,Pulaski at Night,,0.13812158
1oG2Hq96sSgBDQVPlF5teH,My Love Has Butterfly Wings,,0.13814633
3PURbsY67tLMyausOABtit,Feel Good,,0.13819332
1kpkGLFofqBXCPV2MEIjjm,The Rep Growz Bigga,,0.13820632
37YeLdDc63BahWGwCaViTB,"Aretha, Sing One for Me",,0.13850933
3IXfIFX59H5fjYKUFRUl3o,Brea,,0.13935107
5xevas4P14kVmD4St0X3yy,Khala My Friend,,0.13944507
25JrVa0pOZhb4WvuCK1JVk,Lotus 72 D,,0.13995302
0R7q8BHMfRYp38u8hQ1OwA,The River Bend,,0.14017877
1QA866USiCp0xLtPACLVlf,"Love, Try Not To Let Go",,0.14018312
4Ds35tFDM7sTBpB2h09c9I,Surrender,,0.14033428
4SbUpy4BzSFKnH0eD1AyZI,You Could Be More As You Are,,0.14040278
0UV5zxRMz6AO4ZwUOZNIKI,Where'd All the Time Go?,,0.14051378
59gSh5ihFRsCyB4gpwDjcC,I Want You,,0.14066096
08WHknhqizADkaFcB4xNqU,Black Love,,0.14072467
0CkMsd0YPRUATgk2m8p7gv,"Leave Now, Breathe Now",,0.14073825
3W4IoNW4011i8qfCwN75Va,Abusey Junction,,0.14091523
3cC4TINErPyxCWtSN9w32h,Figure Numatic,,0.14111578
1NZ8rFMBufSCwwaXpYVG8D,Labyrinth,,0.14129294
1fEwoRCXc2B5z8Qla4B2xs,Wuthering Heights - Kassa Overall Remix,,0.14134584
2ceUzieIOIwYKA9zOiWkto,alife,,0.14141546
7lgZSvDebog8YgblEudPYA,Like A Hunger,,0.14158805
4s2JGLY3tPJiVM7GCq24Dt,Give Me a Reason,,0.14193177
2XGRM9Z3mg71Gsq5saAtbP,Come And See,,0.1419487
5ruzrDWcT0vuJIOMW7gMnW,The Adults Are Talking,,0.14202361
2RxsAGH6AoELYhigY3EsT2,Out of Sight,,0.14220047
1ulVKX61ePVrT81RLFqrOj,Just Friends (Sunny),,0.14228682
6YnmTPMu0zgUrXg5y8K4Ns,Asphalt Lines - Original Mix,,0.14248042
1eJ78JE97nfXcwaA6ZPdp9,Red Clay,,0.14262924
15z5xDY6UAjEiWoMXhTK3Q,Death of the Phone Call,,0.14312804
7fQmffdxTktq0sJFvRUcwE,Vacation,,0.14318815
3QqONU0GW4byIClquChyf0,Never Let Me Down Again,,0.14336532
7zGnsPlpUwVK053gO1ElXR,Summertime,,0.14357561
5t90RWWnyBHd6Nu4fPyhC4,I'll Try,,0.14361049
5So4borD7A2OPP6efNcu0h,Little Girl Blue,,0.14395502
784ypNcE0CXkfUxUiu0U9n,Surrender ('88 Version) (2023 Remaster),,0.14407165
0oiciS1sBrfBHPO79T1VcC,Fulan,,0.14421459
6ytH7ADkUMWEFrtGKz6uzQ,Underwater Boy,,0.14482123
7CRPXJt3IVC7V0VcM0PSQi,Diddy Bop,,0.14496592
6XDmTtxkGHoBau4iyV977T,Something to Do in the Future,,0.14502805
79tTcoeAq2Dt2qlH3CHm3m,sangria,,0.14526697
4LmjZEYH8HuM3o2DiQroLu,Build Me Up,,0.14543001
288XibbtQwB3oye1KfWvsi,Moving Out,,0.14559855
4Jxf2EbLO9mE3jYeUnoQea,She Brings The Rain,,0.14589818
3acgylV5oG3pb9enR9dSW6,Greasy Two By Four,,0.1460674
1ao6Pson5TZ7PaLM2bfmTf,Faded in the Morning,,0.14667214
7zeFeBZVVmhlEFWxPLfxIn,Smoke Rings,,0.14694318
0ZkSEVvP9SWIRdZUkZUghH,99,,0.14739814
5iCYvkgXKa0v9BEjoRAfTy,Another Place - feat. Greentea Peng & Wu-Lu,,0.14742754
0OjVmGMCkcQCO3Dq1TKbz1,Green Eyes,,0.1475683
6oofvZ4K8vBHnCT1oKERcd,i walk this earth all by myself,,0.1476176
4yg2qSpnVAbQLPjCJTWwtY,"Mama, You Been on My Mind - Studio Outtake - 1993",,0.14807211
1FgyYm1kcXjkdR1VZmaiVo,My Flame,,0.14826939
5BPEf2Zo5wtdSr8ShlFTHx,The Flava Queen,,0.14848122
2RiqntEZMvmzbQQVodjKPw,One Spliff A Day,,0.14899315
1MdqtLzkobZS9E7Wh7nJxh,Polyurethane,,0.14901194
5RQ6gzYbFNpQtB74OWAm5e,Slow One,,0.14910983
0OVXLPJPDCFn1IV6bFxY1N,The Greatest,,0.15030794
2rQQI4tdCt8re4KL4Kb7Ln,Work House,,0.15065747
27pcK7Kva8Wk3DM7j5dUrJ,鴿哨,,0.15069722
2BGC8XJPFRm3f7ZX2FRPNy,Eviction Notice,,0.15076467
5MrcPUbH5YPxqBg4HvUKx1,Bassment Jazz,,0.1509182
6j0FBH06L1YlVkxBvE972P,Playa Playa,,0.15101609
6dx9zgPprV8mPU09Betp7R,The Thief That Stole My Sad Days [Ya Blessin Me],,0.15123342
0PV1TFUMTBrDETzW6KQulB,93 'Til Infinity,,0.15126099
4u5caeri2MC9V32n9OBuZT,"I Can't Write Left-Handed - Live at Carnegie Hall, New York, NY - October 1972",,0.15132059
58FsmlVRQxpjFmXF8vSKMT,Vale,,0.15155844
0oxYB9GoOIDrdzniNdKC44,When the Sun Hits,,0.15206076
6km5P9WuQRAcJaqYGde8Ex,Typical,,0.15208194
1zZffBYAhhrtTHZjtcD8RH,Everything (feat. Bajka),,0.15227361
1RaJMyCatBXw5hGCpVzTp4,Me vs. Me,,0.15277126
2cH4QYxI5DmFPJySqiXaxv,And1,,0.1528259
4HfxDJ0uLHTLe0fZrx0MbQ,Check the Rhime,,0.15288939
12TB5WLNviUpqLglb8yTXX,I.L.T.S.,,0.15288982
2Ee22x5KHPEvrGBIx9AdOb,Justin Scott,,0.15294974
45RztUROkc4H1pHoCtRR6c,Please Don't Make Me Cry,,0.15305316
3RQA5wzKg5MFqoRJytmYEN,Lost in the Night,,0.15310545
6Hg4shhNiovAnaXle7IS0f,Morse Code,,0.15330034
02SxHSYzebXBu2y8SwHcCq,La Sonora,,0.15352467
5DXbGvCuYnXVFzXvOV3xvh,The Narrative,,0.15435047
39CyGKIFqMzSuynOR8uilD,Baltimore,,0.15462069
4G3dZN9o3o2X4VKwt4CLts,Passin' Me By,,0.15466805
02RozCtDH478lix2senHvF,Belle Bouteille,,0.15479569
7H0UxIN751StFi2tznmHlg,Postcards from Italy,,0.15509006
2MqlJQo7jUdUpRKwCpd1B4,Superpower,,0.15515278
3h1iu4HvBlLqRuft2kJEcr,Swim and Sleep (Like a Shark),,0.1552456
4l38jp3bDPcI5avo9ov482,Seabird,,0.15554146
6Xfy1B9OuckQaBcuOcYvEU,Pink,,0.15609458
3Y435jUWlHKR8khcBijsTg,Is That Enough,,0.15629376
1GfBLbAhZUWdseuDqhocmn,Rumble,,0.15632667
4iVpZVKaPUnMhEagBOIIuI,Tudo Que Voce Podia Ser,,0.15651678
4eAPrbLRlJQ9QbOGSqbWgY,The Perils,,0.15723754
3XtKluN0ce1EjiAax8HFw8,Blue,,0.157824
2KBo6O5rkNdtYT3wYjkEkq,Fall In Love,,0.15799023
1gAJ4AaTzafUdeVT5lkfvh,For You I Try,,0.15822774
4kvuZkbZN19LJgNodj2Yrd,Let It Die,,0.15832055
1el1feH98jWUrPpYmu5jN8,Sunshine,,0.15840912
6xEg0lNce24BEPjCjqy5JB,Somebody Else's Guy,,0.1585437
0mMyCFOqotvTPf8esrLM7K,Jezebel,,0.15858723
6zR3jAXgWCs9wmW1r4XGyk,Make Me Cry,,0.15861288
4pbpghW9IzG3UKu0UfFxkc,Visit Croatia,,0.15880908
6XIVWcT54EccjyZNDJLQ9R,Where You Find Me,,0.15902676
4sRmzVSedvFkENbSJ342Ex,Cherry,,0.15916055
0y60itmpH0aPKsFiGxmtnh,Wait a Minute!,,0.15917318
3HEn14GqygLCNfroOnYiZb,Free Room (feat. Appleby),,0.15932968
28gz2W2KMsn1QnvojoWPqv,Sugar Hiccup,,0.15934466
1RI9Qpt8QbYtwfCW8npcO1,I Didn't Know,,0.1594222
28VGzglgot1gVkwg7EuUbL,Cave In,,0.15943763
6nTL1KhyjN3RzdRJFICZ81,Everybody's Gotta Live,,0.15949683
0eCQNOnPZcpmp9WuvRCaBo,羊のアンソニー,,0.1600954
2B1uvI5uBgni1VBsQRljma,It'll All Be Over,,0.16060674
2Bh2lDeuQfRTOsmvKRfgyQ,I'm Still In Love With You,,0.161351
3dmsgudsfeGdQ9NsZFOm0C,Lovefool,,0.16173205
4uBNhssvTuBP3JzUEgfln6,This Old House Is All I Have,,0.16185229
0gNpXNiopu6nXKRPnfQ89E,まほうのじゅうたん,,0.16226079
40D5fWgKkyxAMpL23cQmov,Sitting On Top Of The World,,0.16226907
5u6Woby9oKAF8LhhuxykH1,"Girl, You'll Be a Woman Soon",,0.16257595
1ZEOIhSn6BKErV59bIgn76,California Dreamin',,0.16273946
2A0Rzes11fJBmvvpG4tGfm,In Undertow,,0.16289335
4KDVWd4zUHrfJHyuOuvLJP,Plants,,0.162943
3KoTObJFtXaL1HRERR9M15,Underworld,,0.16312745
7p7br28aAP8QFzl2z9KvDO,Spell #6,,0.16327222
5Bc6EVf3LdQF5jaUAfmdt2,The Opposite of Afternoon,,0.16332296
2nr9WZdKntw9a5muEC3gOk,In My Head,,0.1633477
784k9MLp8Sce2hcItg5eaL,Agrim Agadez,,0.16424005
54tP7fhHUq3Y7JsWofn9TH,Luv (sic) pt2 Acoustica,,0.16450343
0ARp9mXXpPflIwehy25kCa,Big Sis,,0.16456193
37lsV513gD04gFvKIPCw4N,Stuck (feat. Arin Ray),,0.16472858
7mEPuj0XW6eK14Unu6IUc1,Eclipse (feat. Substantial),,0.16498889
0Qtdk7Q6s7xJEAVaj6141P,He's My Honey Boy,,0.1650463
785Qya5mtMUwBQtuypVqrx,All Mine,,0.16516928
4MqFHxNM8uM7UEW4t56nzU,I Fall Apart,,0.16517532
2CTOa3CEBts3p1NyTVLTXU,What He Wrote,,0.16525722
2dgrYdgguVZKeCsrVb9XEs,What's the Use?,,0.16525836
4i4P1ACAeWcyJTxQSd0prx,Can I Watch? (feat. Apani B as Nikki),,0.16584903
37y7iDayfwm3WXn5BiAoRk,Dark Red,,0.16587724
41LuIHVb2tA5lNpmZ7cQxa,Deleters,,0.16633952
4t72l2Am8zASB3gVLtcAAg,Sorbitol,,0.16636415
5hGzYOXKT3YxJu2qcDTc44,Lover / / Over the Moon,,0.16642126
68k8LJZSquZeUFIkicIPTI,Their Law,,0.16648123
0hoC0zdVWa2zE3KX7XtwjD,ABCs of New York,,0.16677707
0LEoCPq4QlV2h41Fm5ENJ3,Common People,,0.1670985
4zvHZWOGyL7WcmqHOgtGCW,Everytime,,0.1671698
5tHf0v419Ia09AS9sEK6iF,Family and Loyalty,,0.16775715
1PoaNKaTKhMJ7hpoPCCuWr,Glide,,0.1681226
6BGR0ROTjAAFZicXmBySXM,Plantasy,,0.16857676
2tQKA7DAqoVX8ouYgNpHHl,I Got The...,,0.16864885
15HgR9Ht4obJOcMG4wregp,Children's Story,,0.1689097
3qMafnX3yXjzvQf3cRCDrn,Forever Changeless,,0.16910508
2zyK5vAdDoLWoF8bzDxJEA,I Want to Be Love,,0.17005722
3Q6VfeIZ1bTjWiNe2Or4LQ,Spud Infinity,,0.17016174
0pAxWzo6OGqwoJCxJiOLpn,Chi no Kaze,,0.17032647
0301nLjG0ti26rx5ZmfqtP,"Scenario (feat. Busta Rhymes, Dinco D & Charlie Brown) - LP Mix",,0.1714501
6yi1BE15fXy72Js1uvxf3v,Lucifèrine,,0.17176032
4k8AO5jk774WA6mg9YCxSG,Distractions,,0.17181109
3SsXEH9Z7JZ0mdcn5gF4oR,Mosquito,,0.17220768
0pVBl16xToC2aKGKCT6TBS,Chifundo,,0.17222328
5ApFKWV3XjYW8fmWR4HsbI,Soul Brother,,0.1724393
3oPieQEfFPpxKz3T1pW9Ys,Galai,,0.1725165
2g8HN35AnVGIk7B8yMucww,Big Poppa - 2005 Remaster,,0.17262247
21i7kk3aYFVtJ9eXGH4fCi,No Sugar No Cream,,0.17272319
1kxYqNKMMvKzJnGOMAhXWE,Precious Sight,,0.17278486
2p2YYLGWwYujkMUk6pxYxg,Nucleus,,0.17350526
0620OecAlwJQxWieRW4L9s,Bless the Telephone,,0.17352596
6LxcPUqx6noURdA5qc4BAT,Motion Sickness,,0.17355333
4zXg74QQ3VXZvvzYpoiJE1,What They Say,,0.17355898
2g8vK3m0npTrzsADQAnbVO,The Sign (feat. Pase Rock),,0.1735669
4RqtPggejITvTH6o35RQ74,The Hut,,0.17376316
7EdQ9Z80HAKiISr1MZABpZ,Sicily' Box,,0.17402226
7jay75cMfpEIyIkkvmemYr,Dorothy,,0.17458837
0hKwFmBnQFqTabAQBnbERr,Mic Smokin' - Live,,0.17483169
0ebJuVgQ6VoS1mc7b713J2,Reason in Disguise,,0.17543559
4eOEhu9eJZ0NMOo5cgK99a,25,,0.17554432
2ngVZZGrIYAxyxaA2QcWTB,Porcelain,,0.17584397
3O5JIwSON3KBaoyMUsjLjn,Midnight Mischief - Tom Misch Remix,,0.17732315
1CvYa7uK1o1YU9k8liIdRB,Fine Anyway,,0.17770903
2hCOLHDVQhnu0qpLFV4ynj,nightmares,,0.17819323
6zrsmzrMoxNkXEQLubCWtA,Verses from the Abstract (feat. Vinia Mojica & Ron Carter),,0.17823526
1t0Jmqg1pKVBbxjQFZebeR,Marea (we’ve lost dancing),,0.17838049
59zpgNosccaOh91yitmpdB,Melody feat. Melody Bloom Bacote,,0.17840932
0BWBqb5XxraObLopqskk6D,Feels Right,,0.17848563
7AgMX97ljLm9BzszyyXEYZ,Jazz (We've Got),,0.17857403
4iPYvFF3I5Lt6W7l7MryFO,We Be That Feat. Halo,,0.1785947
1anxoJyGm5QOWpPtDkXIfc,Küvet,,0.17903927
2WOjLF83vqjit2Zh4B69V3,"Don't Think Twice, It's All Right",,0.1791339
5QTxFnGygVM4jFQiBovmRo,(Don't Fear) The Reaper,,0.17943297
5Jc3DzT6kfUQE5rZ076fpR,That's Just Me,,0.1798184
41rSW4DwCCSVym73JThF75,Quavers,,0.17990513
2cKH6blsLnE8oEEmAu34YB,Rubberband of Life (feat. Ledisi),,0.1799871
6mib3N4E8PZHAGQ3xy7bho,Moonage Daydream - 2012 Remaster,,0.18032041
4U1NzZwMuCM14zI6DBKLBD,Stick Around,,0.18053386
3HQ12hpWbrnwIZhJVtOU0Q,Inspector Norse,,0.18088299
7lKhRwHEPeGBhKeCcyXKGC,Restless Year,,0.18100785
7x6hO9VMAee9x1iWaeNkL6,To Zion (feat. Carlos Santana),,0.18145582
1HG8xfsFVtu415WNChKcoa,Woman - Single Version,,0.18146019
4i7y29WSOKTEyYAwBGaU07,Malamore - 3S Take1,,0.1816036
3CbPQUxVqhVnJN4KOdyGDQ,What Was Her Name (feat. Chicks on Speed),,0.18311237
7cFwopK7QTOgaEwF9JgipA,Second Nature,,0.1832802
3wsyt1U8F9NEctXk2hdS7B,Letra,,0.18363321
1hT3eaGzrcFriQtgGdvsZv,Delicate Weapon,,0.18388064
3gTTDjDha02XJ4xuS2KF0e,"The Look of Love, Pt. 1",,0.18413343
1QFh8OH1e78dGd3VyJZCAC,Boys Don't Cry,,0.18444715
3hMuX9tluq6h9DaufGXBMt,Crazy,,0.18445723
5shcxlhR6ChgqDf5eBtpBW,I Love You,,0.18567075
2eNSieyqDoZMa3yOSagR4q,Step To My Girl,,0.18567896
2j90unMoDKo5xqR00xV6Oo,Black Sheep - Brie Larson Vocal Version / Bonus Track,,0.18575396
4wKXc7FWQ6tqq5SZn1iiU8,Diva,,0.18603665
2w1yewXzEzAb3lzqZFYZbc,La Seine,,0.18614936
7862BtcVfJEp5JmyeGrJmn,Keep On Loving,,0.18710797
3ZidgUvrmVNhroQqjSpVYE,Bug Powder Dust - Kruder & Dorfmeister Session,,0.18725677
3s9eWdn8IymCPvVLcKpjww,The Moon Song,,0.18734628
1YnQY6P5sw6MRp6Qi6siGD,Lightning By The Sea,,0.18757215
1lvpyd1lQjutZa6YnAE8aH,U,,0.18841782
7ol59kVwq3DQyyjKZ2DRzy,Jungle,,0.18936493
03ytdAGEJusSFUaOEMdQPz,La Rumba Experimental - Motor City Drum Ensemble Remix,,0.18944731
5kD5sRj6Ak2qqoTiXCvnR1,Naranjita,,0.18946083
6JuEshIRliNXRU1LXctRjZ,Halah,,0.18966013
5l7icgnicl7JToRxPkSXyy,The Truth,,0.18977302
5Xs1lp4eFxixXW9DkBYkdh,The Night,,0.19077262
7DHa58CKcfDSj49JNICiG0,Get Down,,0.1910122
3OSKVxLC75MLGExFcAY51D,Tu peux pas savoir,,0.19188172
2hR5vP6MiTSdkFY8jfsCLb,Rico Suave Bossa Nova,,0.19190928
0hHuKBexmXwhSKZ0htcKSS,Look Around,,0.19191355
2HtpC9dJ6jOLa4OMN0nnfj,What Am I to Do?,,0.1919676
2vAi5nLRH3ydCiwBjynOs4,Rainbows - Live,,0.19198486
6ktlz091RxLid9rd9MmB8n,The Sadman,,0.19222885
2wp0wB4GXV8XEd6XZ5ojdZ,Good for You,,0.19256692
5bJ1K78btQIh5gR1MaFXt0,War,,0.1925948
5zfR5yKsmAiyiH6AbaNiOY,King in My Empire,,0.19268887
07qj9w93jk1eA2TGAd6kxj,Masterpiece,,0.19309936
2ZfVt2skRwfEq1Wb3D7GmP,Hu Man,,0.19315328
0OokezcoLuzUCgqhocYwYX,Lies,,0.1934908
32WDVNZXIAuu7EqncTTKjH,Electric Relaxation,,0.19354822
30Md5Xnw2DHWZF6IQs3bOV,Close The Dam,,0.19358438
05S6Q5bdmIRg3aLqqZt3ui,Sweet It Is to Lie,,0.19378577
6oVm5ocTB8B0rjO5dZk8Px,Ayahuasca,,0.19413844
2hSd5IqIBoR5Ck5EDVL4kZ,My Lady's On Fire,,0.19415504
0zVduthKvT1FEsUGFWT9Xo,900 Miles,,0.19433579
5RrWu7ddslbnrRImeW7LOs,The Warning,,0.1956457
052z2UsE2wPrHsBJ9tly0g,Playground Love,,0.1959884
3ks1eyq0r3ZTG2UUldSNjs,Blue Sunday,,0.19657797
3MDkws8QGzLrMrWVAbzoXO,Every Time,,0.19661617
2ew7DvOwtMlRdnHTqXfdE7,Gifted,,0.19671081
3wv9jIR1DAGxTRMm1kH6GL,Sweet Time,,0.19728862
37WBfdm7B3blOtJMxDyc5g,The Bus to Nowhere.,,0.19759615
4JeMpERu0LS3QhNoNG0cvZ,Metal Heart,,0.19759753
6GAemDMWAXa8wZOBkO1gar,Buggin' Out,,0.19797145
0PkMN7Bq0iYwd0fzXyCYT3,Why Can't There Be Love,,0.19819953
5SBHtn0A0Mp2JoS6Tdgzds,Jazz Thing,,0.1985092
1kCR610USKO7YugZYEQHLw,Tietoisuus,,0.1991393
6G8ybvaNEW2nn1wMzvKjRc,Fabrics,,0.19946264
6wE9qLKJu7DovH54rvrSVs,Where U At?,,0.19946358
5O5UV6RH03cYfL5DaA2qwd,Stone,,0.19963455
5cr7x0cknWAOD9iBcJEFVU,Being Here,,0.1998577
46MzgFhVPEj93LANOnBSLS,Fear of Flying,,0.20012558
5OplD6jkrUT7XJFFIM6mph,Oh No,,0.20092677
3NeZ7D68PvnY4iCZkjyNTH,Chasing the Drum,,0.20099576
2CYSFc44RE22zVCYVimnbR,Why Can't We Be Friends?,,0.20115578
34dkZZNQJzEJRqPkywYmEY,A Quick One Before the Eternal Worm Devours Connecticut,,0.20125265
4hRYj8T3Diy7lZvpZFsEZ4,Now At Last,,0.20151937
6g4ZtYtREKDDoP87YmJ0fe,Amazing,,0.20178883
5Q4DWU7jIvugFxhjKt2tm9,No Touch,,0.20212738
5LNgTy4pIRFtOzRIm6AbXK,Lilac,,0.20233032
60HfXo3uboJTV7lry4YKWs,Sun For Someone - Edit,,0.20293632
3Ty7OTBNSigGEpeW2PqcsC,Glory Box,,0.20356879
12v5GBM74fB8WsHJPQRTIe,Nakamarra (feat. Q-Tip),,0.2038501
56b4sQ1Sxi3ox5CoCmcp49,cbb to b sad,,0.20416856
4kOy7M6eT5kYJCZxh0c6Lh,The Rip,,0.20431386
2ckhAiLT5eV5blWvyDs8Lh,Tears In The Typing Pool,,0.2043293
0GdXNxCB2597pjEvYVtlr0,I Wanna Fight Your Father,,0.20455429
4MdEYuoGhG2RTG3erOiu2H,Vibes and Stuff,,0.20475683
7t6NlBZL2MmNjcF70Xl71G,Tearz,,0.20486318
7vqbA9MfCnSFMTT0cikF8b,Today (with Tirzah),,0.206058
52MkFwdFmpPHCAbSgtaGgB,Days Of Lantana,,0.20633413
0SbOrYk9DCtmQOzyyEmIZY,Shaman!,,0.20637417
14hKtzUqlI1Sa1nfq0GXR3,Love Is the Message,,0.20692417
07r87gX0ZeTYOxdIzwKREP,Your Light,,0.20692886
2CCYkChk2cTdU8RIRD0yYD,Indisposed,,0.20728853
4dP3dZpo4sahSVrqMA2ilD,Toubouk Ine Chihoussay,,0.20744541
6MAL1HIq8S2qiKrdFiQAHF,2 Far Gone,,0.20759419
2eQHAwP1oz4XsjHXSEaqZQ,Billy,,0.20760596
758mQT4zzlvBhy9PvNePwC,Butter,,0.20769125
6XGddj522FQRHXEhBtjiJu,Strobelite (feat. Peven Everett),,0.2079039
6BmzbaB08O0FjHXeS0cR5b,Dancing In The Moonlight (It's Caught Me In It's Spotlight),,0.20816226
0HZlND4giwzgolBpaNIRGV,"Aquarius/Let The Sunshine In (The Flesh Failures) - From the Musical ""Hair""",,0.2088471
1hEh8Hc9lBAFWUghHBsCel,Porcelain,,0.20892638
0KTvHwi5cDdZh86cpZztfu,Ottolenghi,,0.20983417
5RC9olve1FVs1bnIneatm8,Free,,0.21008888
5c5AhdKkiIWgo1vMEn0fiq,Inspection (Check One) - Remastered,,0.21039875
4NmVOfj6JSxruDVrYW46AL,I Know,,0.21123374
6iNHWlOLt4NuDi9iSvtznO,Ladies,,0.21203284
2RSLZC85KXL3iAi8f90DBO,V.I.P.,,0.21214837
3NrZhjTpbvfA9ZgB7zLKfg,Afraid of Us,,0.21215245
6CCIqr8xROr3jTnXf4GI3B,Rap Promoter,,0.21287178
61JDaStnXY3vbaEjliB5WA,Ghost Ship,,0.21295732
1WNJAGQqul8WKTqYh2dgvy,Half Past 9,,0.21373817
4foK7A3Ceapuw4ruC3UKWu,Drift,,0.21396235
4UB3TaEGEY9WoOpxYNMgy4,The Safety Dance,,0.21409044
2U2J8Hyv1CxlAS5cJZ0ODj,Ithaca,,0.2144468
00Ym9pLCeLnEzwy95bnzn1,honey thighs,,0.214771
2PHMNg5e3xMGR0oTLmdj0U,Anotherclock,,0.21541023
6GdUMm5xMw9hJckIc0qsGb,Coffee,,0.2156168
6U6VpAgLFTb7wKxFS0e7tI,Hide In Plain Sight,,0.21564093
4JZkuUPrxYpcIKkrD6yjye,No Way,,0.21572252
1nSUJWYRqsafI8Bh1X0ypp,People Everyday - Metamorphosis Mix,,0.21606523
6IwbrqhA8HxDwcIWNbAbGV,Afe Ato Yen Bio,,0.21612713
6otiX0XqSs70j4wGFIakcF,That Easy,,0.21635273
51uL9XvdRUwKbxWYIi6q6P,Little Dreamer,,0.21636853
3PbtKwVUqIZPvbQZarAC0w,Beach Jazz,,0.21671896
3hX0ilh84w2KGaiNw2rRCV,Both Sides Of A Smile (feat. James Blake),,0.21687846
37Tmv4NnfQeb0ZgUC4fOJj,Sultans Of Swing,,0.21699198
7urjzeGBtfHdwWmfYJjdAp,Four Women,,0.21753457
5jwSTYsp0KVYYYk97IcPg6,Bassackwards,,0.21761009
0geZs1jEJCciIlpocl5uGu,Sweet FA,,0.21882997
2dh4Ff65vPJmRkc4Xw2K4w,Black Qualls - Single Version,,0.21920379
1FNYIRX6zBQuVUfcuX4bvy,Haunt My Mind,,0.2194382
6QpZXzHcOgXK41Y3YCx203,Little Lies,,0.21981011
3dGSIL0E9a3gT0vyfNKrrw,She Said,,0.2199095
6nGNzqlHTKugpRWkXrZkPC,Breathe,,0.2200527
4m6KlFD4eMiQFzh4IVVFVm,Angel,,0.22014205
08GaPOJGiNDyK5s3rV6BSC,Proof of Existence,,0.22189361
7CqmpIJKZJVAwLkeoB0vwg,"Last Words - 12"" Version",,0.2228973
4Y1igB1GDncJvt7ezbV3cW,Suspirium,,0.22292739
4nl1sTJewkAySvB63v7k5g,David's Song - Tom Misch Remix,,0.22334015
2kA1AMye7qMsmTqtLp9FTE,Blue Print,,0.223698
4ZVZBc5xvMyV3WzWktn8i7,Everyday People,,0.22426762
4CgRjwN2crlsHcU7ooFGmq,Bitch to the Boys,,0.22432722
6VTbbVjKOC2qWagIDbkJrC,My Baby Just Cares for Me - 2013 Remastered Version,,0.22446974
7x28d098yqNbcCQPh8JxHz,Home,,0.22452174
1M321puDN1WBd5NF0ogOKW,Habit,,0.22491124
1EiLrPd8JMTcQUr1aLEUKi,Work,,0.22531621
4ZMofBIe1948b23GZJriAd,Jealous Guy,,0.2257112
4Egu9NllrAbdpNjW5ys8CM,So Glad I Found You,,0.22655489
2RV86xSsvSf5gSNwphyvvM,Indescribably Blue,,0.22726841
6cd3jB1kIDowUwsApyXrd1,That's O.K.,,0.22736761
7eafuv44YprITfOdzfVLoU,"Hungry Eyes - From ""Dirty Dancing"" Soundtrack",,0.22760402
56lfiApDTYBslfBRpmghz6,Hands (feat. Denai Moore),,0.22880735
5wv2XK6ms7KBBVDD1cOwlx,Cool with You,,0.22893481
6lbLn5iL2NBJnbib7bTXMn,Dræm Girl,,0.22901753
71V11K82QEUaTymY20CHGJ,Last Sunbeams of Childhood,,0.2293487
7k6phfGndOSCfL4TZRtLft,You Can Win,,0.22961637
0NVNmybggOg7HqjcxCkvpq,Macho,,0.22999819
2iUyvvPhSYN68f67c7xeVo,Time of the Season - Mono Version,,0.23038578
0htCIJB0AHQISL5ygjgBgm,Your Young Voice,,0.23059934
5wNo8LEPPEs9HSYh0A63CB,Tryin' Times,,0.2312776
1CdTax44yrr94P5rByPA9y,Prologue,,0.23154606
4J9X8X9LA10qwcgqm1HS7l,Never No More,,0.23220716
5MmKCuXDk2WTMjtdmIbApT,I Have a Love (Overmono Remix),,0.23225115
6ORoJZ2ghHkOXSBpLwns0N,Stool Pigeon,,0.23258474
5wBi26umb4oxXLmpJ32BWV,Funkier Than a Mosquito's Tweeter,,0.2326088
3MBZ0BaWosUjsn40TeYYk5,Suzanne,,0.23261024
1XrSjpNe49IiygZfzb74pk,What Once Was,,0.23273396
4GdB5M7GbwLZLouktYocFC,SpottieOttieDopaliscious,,0.23274252
7CIERzyqIwLVKGp00YbHRO,Pain,,0.23302826
5PycJHxshGJkLaNm9TV9xk,Green Light,,0.23307905
4JWfPMjVEh4SusNs8V3gt5,From Gagarin's Point of View,,0.23359808
5xHvxOGmmVWSo5CL27zFml,Loved Ones (Saudades),,0.23433594
02DylNP4HxYaYMbqM4dGHr,Lifeboats (Freestyle),,0.23462118
25kGNSv0yGXZKaC79xzrvg,Rapp Snitch Knishes feat. Mr. Fantastik,,0.235847
4W8IEREeLldaSQyGXcZQ2I,Strawberry Letter 23,,0.23588032
0p5eZCY0R7uNCZS1YDtIYI,Hey,,0.23596883
2A1xJI2naUT75RwcWXSuWG,Bonita Applebum - Sir Piers and Si Ashton's Curious House Mix,,0.23646481
1iqbs4XbTn6TlEkKfFkW1q,Fool For You,,0.23759355
0trHOzAhNpGCsGBEu7dOJo,N.Y. State of Mind,,0.23771846
3oBVv54hTMSYXXJGxO5JxJ,"Love Anthem, No. 1",,0.23796849
01bfHCsUTwydXCHP1VoLlI,Roll (Burbank Funk),,0.23807032
4FLgBJvr9gtgpjBATWlNGj,Same Old Story - Blood Orange Remix,,0.23812483
2VsKJODsXzU1NtoFYIh9FM,Crossfire / So Into You,,0.23826827
2GSbAfcg6fMlDq3bjiWyu7,"White Juju, Casting Out - Live",,0.23862217
3VJ2dJ7FofbWR4L1BeIoG2,It's Time,,0.23928687
205Dyp6IqtOcYRX72QvbB7,Metamorphosis,,0.24020453
13b87C9TNBFKJAi9YB4Rr8,By This River - 2004 Digital Remaster,,0.24021845
6sVQNUvcVFTXvlk3ec0ngd,Cherry-coloured Funk,,0.24030288
3PbV3ocgAp3Xn0omGFC0cG,Untitled,,0.24053764
581XsSWEnau7v8DMcQDwLt,Hard to Explain,,0.24115491
21WB3VefTHSKbtWgm1L5zx,Moonchild,,0.24133539
4v6gpq8gNsvKekCc2rgXb5,Satisfied 'N' Tickled Too,,0.24142608
4tEaytMs86hIaOSsiGoLcP,Excursions,,0.24198797
5fdNHVZHbWB1AaXk4RBGVD,Just the Two of Us,,0.24206428
5ygk8Hkp4WCCk7GXWEUP9V,Weird Fishes,,0.24232009
3pMpjUIfwQFan3MhQl02LQ,I'll Stick by You,,0.24285275
3T6zu9vlpyVh8j6VMcuExZ,When We Break,,0.24287984
11lbXJg7UJGxZrJnEMLlHL,Yamaha,,0.24313222
7jRPLlaOa8jm3QMaYTq8OJ,She Won't Go Away,,0.24373107
2kfqxLwKFLxzXysJ1CwkDX,Ik Leen Niet,,0.2440947
4f8igDpWLaLB8FyhitEdqy,Take Everything,,0.24420884
5QpjkwvagLUbiqbhD71UCh,Dancing in the Breeze,,0.24517897
3Gxn4tsd5p3VMXXr3uJYlv,Medieval,,0.24554066
0caFvsrnGwE9dIq18zAGtt,Copulations,,0.24565995
3cCjEDTIWSNr5stzGhiRWI,Dy-Na-Mi-Tee,,0.24589208
6PQmbLYv07IprWdrNeJFjT,WestBorn,,0.24593475
1LvASuCm9gPr9684FFNKdt,Get To Know (feat. Winston Surfshirt),,0.2460346
1ora7jNRx7tv7yjANfGu1u,Skypager,,0.24622303
5kWbmJzK2LYNLhcs7DKR9e,I Hope You Die,,0.24767296
27GHlIbddzX5qDalREVoDR,The Look,,0.24865387
7FxzgizJRGTQ3fxUqfvljg,Bad Bad News,,0.24926847
6SCgT1QDWcsnMusKYua9eE,We'll Meet Again,,0.24999893
7FpD6W73sZuEEp4dNRCwy9,Meshuggah,,0.25071788
1aoeuWWsdUU8PAOsh6GCyL,Plastic,,0.25073668
7bROPm4OSdOHzjo9cxz5c1,Some Tone Hertz - Mix,,0.25139493
5BeS2mGbdYVfS53Q6bVinG,Two Nights,,0.251436
0zBNc7XcWXNHxeszwFsKiL,Here but I'm Gone,,0.2514441
6dZ6qWl1e9GsMndBG7vqB9,Unfoolish,,0.25189465
1Ya0WpoSdidPXVx3HcKgDY,Truth Don Die,,0.2520823
3WSOUb3U7tqURbBSgZTrZX,Casual,,0.25231993
22bluEejqmw2feNxZPlC0V,Guttah Guttah,,0.25276
16IE7fyW8BOWYgLGHNpiGR,Sinner,,0.25309813
6QlkHjQmo2YncQN5MQXgPZ,It Never Entered My Mind,,0.25323048
4T4I9a48vvLmVdR8jIriQN,Samak,,0.2534166
3mqqVZEmxyherPAuk07DdA,Summer Lovin',,0.2534395
1s6peZNxETxrrfMrveNZW8,Proud of Me (feat. Little Simz),,0.25380188
2sW8fmnISifQTRgnRrQTYW,Roads,,0.2545617
5DT1dW3RlOhAgdJFCAFjqS,Too Soon You're Old,,0.25594074
0S5ZoKKZD3bllkvhEoPimZ,Can We Pretend,,0.25632772
5UVgYySUjYz7ERfxvWpDdh,Hawaiian Boi,,0.25636485
4kVxStqN7DeoZje5aidAn3,Anti-Matter,,0.256419
5ByAIlEEnxYdvpnezg7HTX,Juicy - 2005 Remaster,,0.25665528
4hzrFu0TOYhmkWHGxC3r9r,Delancey Street…. The Theme,,0.25721797
33d7n0d2Ou4wQ5AcLrLTav,Everything Is Fair,,0.25775772
7bKxc7UstlRxOtNBvLjGSs,It Gets Better (With Time),,0.2578037
4hozY0uWh4hxvH2mP6EmSL,Infamous Date Rape,,0.2580581
4XNPZFA6HMhkIkbJBDo70X,How Can I Love You?,,0.25848198
0p8N7QE1DJtY6IVmLy1YZc,Love You Twice,,0.2585132
5atFAXIgMXP378op4FaxBm,I'm Your Man,,0.2591763
60npAyGdzYq1MzCoSkNfXo,One Day,,0.25949863
4lH451AAXQD0s8r4mIOsRw,One Step Ahead - Mono Mix,,0.26088855
6pxElwU80zhjbCC77Vn8EI,Movie,,0.26123324
2H7Nwzydg8ZusjdWkYqsHy,Redstripe Rhapsody,,0.2614155
1gpwCQz5X2o0ednyk5UKlv,Millennium Queen,,0.26213288
59RMP7FzQrR6MBkiS6H6m8,Solid Ground,,0.26244533
1Y1R4GVtxibyf4E4SX2Q3y,Footprints,,0.26266053
4t200tBpwWgZjLwLopp3jV,Azize Diskotekte,,0.26283887
2sEmZge5ZfzrFrDGFJbkyP,Strings of Light,,0.2630946
3yu988B9KkIiZK0etQbnj8,Cloud 98 3/4 - Radio Edit,,0.26508853
7b944j7kxiPTC8kJnkSHOS,Brotherhood,,0.26537025
45vmAEBgbaDLRMzcUOgvVT,From A Distance,,0.26589906
407qAIie8sIEgquKD1AAd2,Shy,,0.26593173
19LXhmESLLMBb6bUJC02uR,Amsterdam,,0.2659518
6qYyTbkdk0xXojKWJUWK8Z,Birthday / The Pain,,0.26635608
5aFCjVLpFr6OnwnTpIHV7M,In the Moment,,0.2677534
2wS1PObRyCywHdmog5eOWW,"Show Business (feat. Diamond D, Lord Jamar & Sadat X)",,0.2684595
2D6oodIh1KEZzV1Gu33se0,to the moon and back,,0.2688179
2YrwSskWmpYuS8ql61M13K,New York,,0.27011418
7FpSAFZGWffSmakTHT1XPB,2020,,0.270905
0vruJewCmJdjW2f27NsMQX,A Caged Bird/Imitations of Life,,0.27222672
6RCmufT1TMMCaeFAnAMH3e,The Homecoming,,0.27250865
6yOYX1oEKWkGshyYtxlJ16,Cathy Come Home,,0.27291426
300DUx4tdtCdGEUXR032jA,"Palace/Curse (feat. Tyler, The Creator & Steve Lacy)",,0.2733216
3l75jB2gKi4VpgklWIbTOz,Sunday Vibes,,0.27377778
6w9Pf2VV4kZNcExAjcG2hw,Quelqu'un m'a dit,,0.2746849
7MQAWNOygtba6zfzJb8FGv,Mariah - Kaytranada Remix,,0.27473956
2PdHP86Xzsmx3lkd9xsIZU,Jump and Move - Live in London,,0.2748447
520qcJGrYM0HORZ5LsYg2K,I Am The Black Gold Of The Sun - Remastered,,0.27499062
3c8XIl3NBxt4QyVmu1maFX,The Move - Special Edition,,0.2752627
3ULGTFNdK6urXstrXfBDYm,Purple Afternoon,,0.27557346
1PAKcvZUMSgEqRhmhZDeGk,Atomic,,0.2772033
04jqhpf3oV06HtlmthfcZZ,All Night,,0.27781707
1H6c2DGf8WTVnAA9VnEBUN,Love Jockey,,0.27809152
2ZCwz8omYluRWa9QyznFAy,What?,,0.28035757
62DFvt3IhKq2i8wyigqeFO,Indigo Night,,0.28050095
0tNuJpBgtE65diL6Q8Q7fI,On & On,,0.28095388
6WVheb5G29cbDOzF4qMfli,Road Head,,0.28121766
1d7WWJgcdqPVpcatkvL32a,Lovely,,0.2813005
66xEvrqnrDWP0BC0hsQ7HO,I'll Be Around,,0.28184688
02IWO1ST4g8aQDsJI9YKxw,Hottest Day in New York,,0.28199103
5gOCvdu1RtJvuz8809BFI6,The Memory Junkie,,0.2824854
67KXA2S1nrfl624u3FkDhj,When Will I Stop Dreaming (feat. Loyle Carner & Kiko Bun),,0.2833092
28s5iRbX62GZG2ReZTLKDa,Better Days,,0.28387904
7lIs70cJDSvSoW3JfmqAHr,Southwest Loner,,0.28480697
0G6Ws8Gbdt0S7pZeuYmkmm,Flowers In December,,0.28549847
1OApeFRf1vqOPq4ENAyDUu,Do You Wanna Dance,,0.28550544
2qV5Ce0sMlFsrseRO5CTMU,Roseblood,,0.28566176
6rtwULJIwFVMSU0g4FY6zf,Bowlly Goes Dancing Drunk into the Future,,0.28573802
6HhFgEBHu25b8gy8Bl4eG0,you can't hide / shame on you - live at madison square garden,,0.285886
3QFxra2jEhDKKUMDmbDXbk,Escargot Blues,,0.28600615
11OLCsuZ981vMGU25tyCcP,Stone Towers,,0.2869466
2EdcEOJf2V8xMOTO7q2gCN,Love and Death,,0.28709576
2j8aMIzFC5QhzyMOx7Sbj6,Diana (You Don't Even Know),,0.28738785
01Q2cFQT8zvty6XvYQOpoG,Jump Up Quickly,,0.28803197
6wtN7CqLJN6OZu7gZjejoa,Bubby's Cream,,0.2882629
2pm72A1aBHKwqr05xaDW8h,It's Not Easy,,0.2882942
7LiRhBhLI1wUVdFWixoKz3,Can't Pretend - Live from Spotify (SXSW),,0.28866655
5VarZFY00sO54HErJ3TPCI,So Good At Being in Trouble,,0.28878427
6dA1JQt3f3meGzahhNN75m,California,,0.2900223
5rC2TX3Qi37o3OwCBAEYNt,Fall In Love,,0.29026246
27tCCThExMJEQh7lMp3Sd4,Nothing Burns Like The Cold,,0.29130155
4jIO4fWetRQXS6Tw1XbhWD,Fisherman,,0.29167944
0oRTq5NpJKFcsluQrS6HRR,Electric Avenue,,0.29257044
1It1TxBK3xIQAB4xJkPevn,Blue Lights,,0.29257697
1LzNfuep1bnAUR9skqdHCK,Fade Into You,,0.2937466
7cKLOenzViwzoHJWciMIrj,Bam Bam,,0.2939345
2OWvDXazoMk2pV7nM0UZsd,The Strut,,0.294005
35592qATAP1u72mO9oelLc,Where the Money Flows,,0.29414457
3rFzc8CLVDZ7OOtFa2jPYP,Moanin',,0.29449072
69ZGaXg5BV9HRxOgexbu6N,Only You,,0.2947114
03EswEfc8sYqEVAyjOfFFn,When There Is No Sun,,0.29473868
1rCPg5GOtes0FIo1BzgvUi,A Trick of the Light,,0.2971736
57LP4yVIIBkRLWbq0ETF4K,Two Shoes,,0.29950592
2oWex6rYoQ7Bl2D9zG8d3F,Water No Get Enemy,,0.29985392
4vmqU3xlzuhxtaeXrtAX1F,EdEddnEddy,,0.30006424
37Z5gTlgMHD2iCorfOr0L9,Where Are You? (Love for JL) [feat. Copasetic & Lindsay Olsen],,0.30012515
4beIzLO6PLimfdEgkpJI22,Green,,0.30025166
7cXYSW9rUj1o4QmRz4YdG7,Witch Doctor,,0.30097026
7CH99b2i1TXS5P8UUyWtnM,Them Changes,,0.3023779
191nAEklSx8GCafB7WcVPI,For Corners,,0.30432326
6WvgizUMVUdPksmm7BMfnm,I Got The Blues - 2009 Mix,,0.30520567
5VG1IctwWcAeMaUi6wyQcO,Love Is the Message - Live at Abbey Road Studios,,0.30626708
3eKC3itDCNmKcqQVP4sb4Z,Best View,,0.30634907
7l5nkTZpoD93OkynN0gcon,Into Dust,,0.3078581
3BdHMOIA9B0bN53jbE5nWe,Blue Light,,0.30792361
6px1KhTqAfxdcF6A1JGSpx,Bull In The Heather,,0.30799037
5voWjUklIhjnNQU5aZCIm4,Dreaming About You,,0.30859604
65qWooYTj0dq5HzoV6P9Kt,Blame It On The Sun,,0.3095794
33rE64daanJTFcq3vaaqSq,Soul,,0.31213522
3A2WpgCQa3VdwNqI5Maley,Julie's Place,,0.31288198
19i39VkE2HdfiHLvGKS0xJ,Dream Cave,,0.3137511
00aQGaqM6SFzGfbgKOite0,So Close,,0.3142299
34aM4AadnV3foQ1cadQYr9,Controller,,0.31650394
4Ri84aoor16uSkNtpAvPgQ,The Big Unknown,,0.31656766
1U2NYorB2MTDSP15Lbtxw2,Special,,0.3166303
15nKLSvslk7jntDkxIdYmq,Both,,0.31709334
3NWTRZ0A8xKlBP1qgNftql,Special Affair,,0.31869707
53PkA8aXiwH4ppa0V0iO7o,oh baby,,0.3189546
5OcyX5eg7VrJuI833qOCUc,The Payback,,0.31939614
17v2ohSG0hO8u2AjKaU6MR,Gypsy Woman - Demo Version,,0.31970638
5jxNdmYpGOhkvD75YcOitI,Difficult to Love,,0.32011822
3FzK2g50oLcx8vqETwOn07,Love Songs on the Radio,,0.32148042
1De7ddr6NfqajOQLu5uwKG,Into Nirvana,,0.3226339
3YB7EFZi3bqWB45rakTc73,Happen Twice,,0.32358906
7z2f6sDfPMbf0FpKAfzha8,Flashing Lights,,0.32421753
5KaCn0CGbo2Mynq5VSgSya,Anemone,,0.32466152
42rFOQqHmXf9IkdwVqkooK,I'd Rather Be with You,,0.32648593
7rFu5IhLj50r2tNM2d2cat,Sunday Morning,,0.32650048
5AabqkMATMr8zsfPS5yJnr,Bells Ring,,0.32673597
5ri4b7YQp2PWn8tl3MRYgE,King James,,0.32888463
2Xn9rhZS5DHQP2wjUmEeHr,Le remède,,0.32893848
010ALbbh5KlQ4fKWgSdhRd,Look On Down From The Bridge,,0.32922506
3rkYD17LrVaX0m98DWSI87,Tears,,0.32992214
0a2dGkn5RTXcMp2wE9yWkU,All I Need,,0.33036253
3oIJNO51cFmVptzE3iNPoA,Grounds,,0.330534
6DpFDr9jWUan60x5Vk5HdX,Small Things,,0.33308354
2QMihQt7YoEPkPNcDsAJf5,Damselfly,,0.33319125
5i9ZFEzxQjdT3sAy1lSCao,Spaceship,,0.33360282
6Ns2JyCa5xtANadq8gJ67u,Ms. Ho,,0.33368742
3d7ZeNugyMKys34WjHXvTC,Mean It In The Morning,,0.3339014
1kLXQonNqsJxCPFkUet3pV,The Way Things Change,,0.33443847
6pW8YspamPCxUwgvYttTSc,Strangers,,0.3345361
1K7Au8g0mdUzD4ve0hXUg2,The Final Frame,,0.33469713
777NOXupZkFdg8zlPMoVqc,Evil Woman,,0.33532777
3VT2WolplCglmbxCdiFy5A,Northern Lights,,0.3355402
0WZZJ0mDKIkLfL0710ssZt,Neighborhood #1 (Tunnels),,0.33584717
14CsqOaDkOkrZ49UJLtuOJ,"So Long, Marianne",,0.33749518
1cotJPbhAMOdrGqwi4BBEL,Storm,,0.33791178
7JrwRcbAj13sNPEGShBD9g,Cosurmyne,,0.3384233
1cpnpMvnvmdy3hzYgd5oo9,It Could Be Sweet,,0.33847067
152lZdxL1OR0ZMW6KquMif,Location,,0.34133154
3tjnCI2F64MOrRzi3NgXCA,Sexy Weekend,,0.3413865
26sLRGYCSYSnK0cJVtcCAf,Do You Love Me? - 2011 Remastered Version,,0.34190595
34ljZNXG5uZr3jO1IJXFmU,What You Won't Do for Love,,0.34234312
4a4tlk5e9ktzcbdxqbEoxi,The Sophisticated Hippie - Easy Mo Bee Remix,,0.34243414
44CZRkOxv7UItaAUmh8PgN,Doses & Mimosas,,0.3435243
38HcgcQC4suvti0Sa0e5yc,Rose In Harlem,,0.34577334
3Bw99kE5w9R5gSVFhxahcB,It's Late,,0.34593043
4XBOZTlFrAh4Pk880OeHBF,Daisy,,0.34615603
1Sgj10byiGzPpI2IrXSFEn,Protect Ya Neck,,0.34636047
09DRkAzuVogZwfSnrCgoHH,Dig Up,,0.34691215
7pfqtkZsNheOoDziqquDT3,Five String Serenade,,0.34814796
2BiPDpIgxZVLuP5K19vOci,Soul Jam,,0.34940678
7FTBQrTuC7FhgDRscn0E67,Accordion (Four Tet Remix),,0.35334894
0puyikpyVwe8TTv2tvMHeq,Social Sites,,0.35372928
0U0gZhiusaKvvqHe8w7B1X,Bones,,0.35399437
3VtdvomG4MZVbmZ1V5Ys2k,Good Bait - 2013 Remastered Version,,0.35401165
1e4VI5FvKgh1BYWhxMINnl,Overflow,,0.35744295
03xHbQthV1o7FiSieS86Ce,Fountain of Good Fortune,,0.36170724
1tBTz2Eod7AkW4u7vthWdH,Feeling Free,,0.36244923
3TiCuJiisBOB9HzKAM6FDG,Oh Honey,,0.36285836
5d7tvMoTrlcYurv2eCgwN2,I Am You,,0.3640393
3UR0Oa02msUT9s9hHSE9ya,a blooming bloodfruit in a hoodie,,0.36490974
113VT0dXCsqDAAfe8JQ2xm,Grace,,0.36501426
5PxibFPxW06HBPab6KrcPP,You Don't Know This Guy,,0.37006605
0fIVa2TQZvzE0RIJAqrkVZ,Wait for Me,,0.37041527
7eaz7OlaFzX8W0GiZaaV9b,You Tore Out My Heart,,0.3717466
7J94LZ3lmwI12XRVsOYJZL,Sugarcoat,,0.37199506
77RHNGjtLP4UlIb7FW1uOu,French Press,,0.37291718
5A73Nnju5DCi8EV6wPvI5H,Lait de coco - Dub,,0.37300262
78ECvz2vs1obDkLdbMEdJK,Driving to Hawaii,,0.37534413
5IR7Ui6MB7MrFZfF5hsoIH,Lying Has To Stop - Single Version,,0.37554356
0MHXrqn909p0LRTPsNsGEi,Move on Up - Single Edit,,0.37691173
0DHRNZ26HFLPnmwDUjGB89,By the Poolside,,0.3786286
2GFExyKXf9383tSRSrEHEt,Can't Take My Eyes Off of You - (I Love You Baby),,0.3789513
5KgDztq0q1kEO4UXVDCrID,Pick Up,,0.3791705
3GOO81yxm6EZLkiXLs2sx2,Nothing Lasts,,0.38058513
3rkMU90xsY5kDLOsl0lbrT,Happy,,0.38096324
3QGa7rzl3DFjLKnxGLLJ37,Tan Kalakatan - A COLORS SHOW,,0.3815365
5LSZNeZ4n745PpsV6IKQTZ,Faces - Remastered 2001,,0.3819242
10w8FMNFLL5P8aIxJS1SP4,Mixed up and Confused,,0.38237268
4ZZhgq5RtXEu4RUsgV0a7g,I Feel Good (I Got You),,0.38256568
2RGe02P8xxSF9syj0ltPjX,Chronic Sunshine,,0.38287774
3Ti0GdlrotgwsAVBBugv0I,Can I Kick It?,,0.38304704
7soaJ4bb5VzmPO98G4zjMN,Keep On,,0.38315532
1LFWLmlUtwjvMK218YkoyS,Is Magic Gone,,0.3837593
4EDj8GXOlI45vG4SOfswK3,Headache,,0.3840062
58yFroDNbzHpYzvicaC0de,Peace Piece,,0.38481778
6zYQOQjcQlv5zIJ17q65LG,Down By The River,,0.38677314
0MHBjdA35Kabqe3yeUxs1W,Umbilical,,0.3870887
0Xe7rApy8hQUDLlT1IzY1T,Closer,,0.38782635
5mcaY65WhtzFk1TFRGY6kY,People Who Died,,0.3880645
55GxhCTq6SY3tFTVh7z1nR,Dancing In The Moonlight,,0.39062354
1ahzHj4rfljE8w4ZwpEjOM,A Little While,,0.39111915
4JlUOB7yTBVpt4VFdx8wq4,Biggie Was A Jazz Fan (Dub),,0.39144534
4b6mADxnmXq2bbhJJQx8Ac,Runnin',,0.39187288
5FJlVqsN2jQBu8uRpy3GqG,Millionaire,,0.39226755
4g3Ax56IslQkI6XVfYKVc5,The Less I Know The Better,,0.39268103
30neZZ35P5dy6dWVwFG9mP,The Way Life Runs,,0.39429423
1CLmFKW99S8eJrebO3GB04,No Woman,,0.39431146
1xraSQpxOkNUV7VPTYQ5VJ,Smile Together,,0.39432013
5DeDhMhf5jT035BEenaV7H,Cameo,,0.3945684
0lFlMhnUjO5Rzsbppn7FV1,Dawn's Insight,,0.39509627
6tfuTjLipmA0KrQ7fmwUEe,Dinner Time,,0.3952431
0SSoQF9K7X645Zhvk41cW3,Sunflower Seeds,,0.3970583
6qH6xP8tzxvZlCcmHit4AL,Inspiration Information,,0.3991102
2HoDr1yVksl19omOhc1zWy,Hip-Hop,,0.4004359
1RKUoGiLEbcXN4GY4spQDx,Clint Eastwood,,0.40052956
0vJ3Y2MnDXi4hpxSeQdQEC,Sweet Wanomi,,0.40167147
6SEolIp22t0DzeBfCBo3hr,Vibin' Out,,0.40279493
0qdQUeKVyevrbKhAo0ibxS,My Sweet Lord - Remastered 2014,,0.40633118
7ehSq5x11gJou4rvII1GTk,Someone You'd Rather Be Dating,,0.4074367
2Y0iGXY6m6immVb2ktbseM,Little Dark Age,,0.40853
1hAsWvX1XHGbCEHDGhGs89,In The Rain,,0.4087037
4M88Wd7Aps5LGRWMOC7gSH,Some Kind of Nature (feat. Lou Reed),,0.41080812
0g7p7VnuuRmzva6ZuEVceK,Scarecrow,,0.41105756
4FiGJgMiDSLJ90exAXnYdz,Bag Lady,,0.41247663
74b3xzu1xf69MzPIaoTS7r,Woke Up This Morning,,0.4125835
1zsDbmrf4ZkjW5hsSsaDjO,Born Slippy (Nuxx),,0.4136235
26Vcf2qFrnaa0pFJkGFh61,Sanctify,,0.41371244
39shmbIHICJ2Wxnk1fPSdz,Should I Stay or Should I Go - Remastered,,0.41461837
1I2cAoTbEeObfMpyiGiuA7,Electric Feel - triple j Like A Version,,0.4147941
4KjNEsQ4jkqXwCmsn71a9p,Lush,,0.41538134
6dHr9VgzPbY4N5Yut4JBg7,Unchained,,0.41538784
1YkPEoHMuKQzddtBS0A1Lq,Jazz Session for No Future People,,0.4165301
33yAEqzKXexYM3WlOYtTfQ,D.A.N.C.E,,0.41798735
0KIPa0YuQ5QFmlAqRyXNd9,At the River,,0.41801384
1YAPymH9iJsrybzxvNhBdg,Lost my Head there,,0.41922566
5HBVUSLdhLgrogVs3bUKIa,Cloud 9,,0.4208928
1rIPNuXlthhSUphhva5d5y,Lightenup - Alex Metric Remix,,0.4215848
1otG6j1WHNvl9WgXLWkHTo,"After The Storm (feat. Tyler, The Creator & Bootsy Collins)",,0.42187414
5ATUZZK3GYUJOVu6T9ilbq,Hits Hits Hits,,0.4227911
3L7HAJzsF6GJNIS0nCniJo,Tropicana,,0.42288086
1TYn37TLsHushlGeaCzlts,Cosmic Interlude,,0.42467594
16hmRC2b5jroFwziA5mfkA,Today Is Your Day,,0.4259636
34zWZOSpU2V1ab0PiZCcv4,Uptown Top Ranking - Remastered 2001,,0.42649278
6UJThOHpnTSWu583jJ4dbo,Sun Go Down,,0.42788428
6gb4OcL7ILY32IE68rNpQN,"We're Still Friends - Live at the Bitter End, New York City, 1971",,0.4280019
4bO6DljpuAeQh6HS20i0I5,Money For Nothing,,0.4287539
16TBzkcaz7T3B0luIwU9OD,You Can't Get Me,,0.4301949
0kfgHIi0r0cJqrwXLTfO2v,Colours Run,,0.43114147
0iJP3XxZNE8tP7YnB23J1r,Someday We'll All Be Free,,0.43232447
33EAXRL27QIjSVA5x6zEMq,So Far Away - Full Version,,0.43503
1otCBKOVAZrJmfMHnEFPoH,Our Place,,0.43749848
6NEc6eRZSIbGNtTfBdaO8b,Seashells,,0.4381784
6mcxQ1Y3uQRU0IHsvdNLH1,Where Is My Mind?,,0.4383196
772AbCLRS8bocvm3hOODVE,Take Care,,0.43913698
2fyIS6GXMgUcSv4oejx63f,Mardy Bum,,0.44001773
6obKvh06VvBZP98oqU6YR7,Instant Need,,0.4419684
17LKqEVEAZGjysLhavjpY6,Eye To Eye - Edit,,0.442098
4OUvfa7eO5jvFMIMOU7MTb,Suntoucher,,0.443075
5XV8y16vXJENfxa5bQH0LG,Truth,,0.44371247
4kbHovcqhGaQD2Ah3HYyXg,East Point,,0.44406533
3GtyifgP2JMGVz2VFm5III,Doing What They Taught Us,,0.44480652
3a6PN6BRB8PP3ms48s7kU1,Empire Ants (feat. Little Dragon),,0.44550535
7nmtH3cyqEmKz8F09V60yO,Powerlines,,0.4455786
66tkDkPsznE5zIHNt4QkXB,Tieduprightnow,,0.44664073
6WzW69VCkFIyljN3k2V2WG,Monki,,0.44761938
3brm8qxTrdnbvuEOCloIch,Your Latest Trick,,0.44862252
0lnfcWRREvnGtXPP2ZDeq7,Que Sera,,0.44993114
5e9TFTbltYBg2xThimr0rU,The Chain - 2004 Remaster,,0.4501941
6swJpZoCzbqjMb47o7BoVP,Streems,,0.45331174
1175r6ZmkUjX8dRJLz9Ohk,I Love You So,,0.45349592
6PVuMhSlLOt7QHhIkNyvii,Memory,,0.45510355
697nzUsimcnRxiKKLLxNZA,Aloe Vera,,0.45624325
5frMgt4jqRGJk3yMKfqOyl,Real Love - Anthology 2 Version,,0.45664874
2mv6GY70UsHiTCGQZ4JfgC,Fools Gold - Remastered 2009,,0.45734543
2ORAFTM8CvUtoI2eRoiBFY,Caribbean Blue,,0.45841503
7412fpVfB2PSSb1nENQczC,Sheep,,0.45992032
6u4B0SFfhYXL5LGMyLKa54,Summer Dreams,,0.46013686
5HXlNsuU61xdGKUuWl3MIX,Mr Bubbles,,0.46138734
2Vk9Ma3poKoKSpDaavFWSm,Sick Bug,,0.46402845
2x5Frs6ts14U4MSLrQQlXg,Why iii Love The Moon.,,0.46420306
6ACiYjq5Q7e6BlhZEHz7cd,Garden Shed (feat. Estelle),,0.46439302
3R1Vu4Ws7UitwDxDHTol0P,"Enjoy Right Now, Today",,0.46587694
5WNYg3usc6H8N3MBEp4zVk,Boredom (feat. Rex Orange County & Anna of the North),,0.46741766
77c4paLmUbYWeW1NQ5DTPx,Blackbird,,0.4699573
71UsuepAxDwu0aP6IoWYRP,Vinta,,0.47051823
6mfeMz98JP6CUuCi4FvWg6,Wasted,,0.47069907
67hguDDPd8uEwltmM4P2qz,Sunshine,,0.47093624
4xBFKgS6VAmpmeoG0WJ9Pl,Found God in a Tomato,,0.47190592
5XhkV07Vou38wnrzwURUOC,Who Am I (What's My Name)?,,0.47367623
5fGWdNGGnvKrrHL6U7c1Vp,Humility (feat. George Benson),,0.47380298
5dRfBz5ZXJc5gZJsNM04nn,A Message to You Rudy - 2002 Remaster,,0.4743135
3TZwjdclvWt7iPJUnMpgcs,Jump Around,,0.47720522
1oTHteQbmJw15rPxPVXUTv,Insane in the Brain,,0.47934195
4lq1vH5qGriNFf74osamRc,"No Woman, No Cry",,0.47948828
6HMFtoMvv6n6Q2eOyPFyne,Walk Of Life,,0.48036632
0UgWIG9Wo4QsYhgN48XZZM,I Swear,,0.4805048
0NBcMaT9LFP0CQ87NqTiVC,Surf's Up,,0.4822014
33rsCCLHklTQav9klbpnAi,Warning - 2005 Remaster,,0.49007708
0bXpmJyHHYPk6QBFj25bYF,Intro,,0.49325114
5wTM2Bm8phDwHAuOsfBwhU,2000 Miles - 2007 Remaster,,0.4970445
4BAWCedKFfdwxPFmFv4DMG,Toothpaste Kisses,,0.49838138
0uEp9E98JB5awlA084uaIg,Doo Wop (That Thing),,0.49886984
3hAICtq5w0kafFPYLO4smR,I Don't Know,,0.49999297
4CRpOsjhvgxjF7rQufmyZ1,Inbetween Days,,0.50240856
40LngCwPeywbZkTT1EJXws,Management,,0.5085917
3Fzlg5r1IjhLk2qRw667od,Dancing in the Moonlight,,0.5088536
5cENc0N9NpJJB7FggcMjyS,Cherry,,0.51094395
4k5mkkHaozIGuM0jaHZyiQ,Harry Dean - Mato Version,,0.51288116
3E3dnHbmTxANxgMqKrf1go,Zebra,,0.5129027
6Csmg1VhhjLI6fcrUgee4I,La Mer (Beyond the Sea) - Remastered,,0.51473
2sjcqzsTCduJOQ7bHLQdEK,Salvation,,0.5157262
7DD7eSuYSC5xk2ArU62esN,Help! - Remastered 2009,,0.51743466
70Jqw0CraqvQQk7HOCXb15,A Woman's Voice,,0.52328295
3ZzhV6JIDKWvWR7wiKWD0C,La femme d'argent,,0.52848256
4Y4Gd3ty8uut6Qw43c7yJc,(Sittin' On) the Dock of the Bay,,0.5361995
6BvarmhJPnq7XpIRFKhwVa,Chase The Devil,,0.54319715
60bF2b61f7Q5Bt82QCBwvc,Brothers In Arms,,0.5475783
4qyKcYZpN4Itz0pl7CUIYY,Lazuli,,0.5492637
0i19MAZbyn8uTir7FprXId,Oh! Sweet Nuthin' - 2015 Remaster,,0.5661948
44zGAo63hhc3xo0rlBweRo,Cheers Darlin',,0.5760689
3stWWPN41byqp8loPdy92u,Master of None,,0.5806971
