date,ms_played
2020-10-24,47065389
2025-03-16,43243224
2020-02-18,39962239
2018-11-01,34596179
2020-08-18,34582703
2020-01-15,34156572
2018-10-08,31844210
2020-08-23,30727697
2020-08-21,30433106
2020-03-26,30163468
2020-11-23,29954050
2025-12-30,29718986
2020-10-23,29596166
2018-10-21,29415803
2018-10-18,28879508
2019-07-28,27997822
2018-12-20,27985794
2019-01-25,27578946
2020-10-26,27575179
2020-02-01,27496147
2023-10-27,27314502
2023-01-13,26852226
2021-02-23,26849448
2018-12-12,26604162
2024-02-24,26515935
2020-09-06,26492990
2020-02-05,26311367
2022-03-18,26296834
2018-11-27,26143927
2020-01-18,25974515
2020-04-15,25967670
2018-10-11,25557184
2023-10-19,25510136
2020-08-07,25445791
2020-03-22,25194725
2020-11-16,25081262
2018-11-23,24989038
2020-04-30,24819645
2020-07-12,24780547
2019-12-05,24653961
2020-01-25,24404386
2025-08-09,24308899
2020-06-18,24297477
2018-11-30,24163974
2023-09-12,24141124
2018-12-17,24139035
2020-11-09,24116942
2022-10-28,23976773
2020-06-03,23963120
2018-09-25,23771258
2020-02-04,23720022
2020-04-13,23700641
2025-07-25,23543027
2022-03-24,23338322
2025-06-17,23240550
2024-01-19,23180473
2025-07-22,23022210
2020-04-26,22992041
2020-09-05,22871821
2018-10-16,22851110
2022-03-14,22826452
2021-03-06,22725816
2022-03-16,22683112
2023-04-03,22664348
2020-08-25,22645796
2018-11-08,22567641
2020-04-07,22457638
2022-02-20,22261872
2024-02-14,22092467
2018-10-17,21808917
2020-08-13,21705862
2018-11-20,21684855
2020-10-27,21669609
2018-11-22,21652320
2024-08-07,21453699
2020-06-04,21406589
2022-12-30,21326138
2026-04-06,21300920
2018-08-23,21296498
2025-05-26,21272531
2020-12-15,21270992
2022-12-09,21233590
2020-03-23,21210570
2020-01-31,21198703
2018-04-13,21134111
2021-01-20,21078912
2021-01-25,21011093
2022-12-16,20868190
2020-06-23,20851198
2021-10-26,20787240
2018-12-16,20690130
2025-02-07,20574169
2019-12-13,20553267
2022-02-03,20476952
2020-05-14,20471511
2019-12-02,20456113
2022-03-25,20415240
2019-01-28,20407950
2023-06-04,20367502
2023-09-27,20349083
2020-03-29,20195255
2018-10-07,20189073
2018-10-01,20128478
2023-12-08,20117285
2018-04-14,20113641
2021-01-06,20099828
2020-06-27,19978575
2020-05-19,19913459
2023-09-11,19794478
2021-01-18,19689221
2024-09-22,19659203
2018-10-29,19644974
2023-11-02,19557934
2020-02-03,19488793
2021-09-22,19482861
2019-05-17,19478323
2019-01-13,19378051
2023-09-07,19374113
2022-05-17,19350410
2018-10-30,19333162
2020-03-31,19327624
2016-07-03,19251301
2019-12-06,19240506
2016-05-24,19214879
2018-10-26,19201063
2023-11-14,19174501
2023-08-18,19172272
2023-05-19,19153606
2022-01-09,19107524
2024-01-12,19087606
2021-04-04,19048384
2023-11-08,18865577
2021-09-24,18842181
2023-04-22,18776022
2023-11-10,18751121
2018-04-15,18750728
2025-01-02,18732440
2020-05-02,18724843
2019-07-29,18706800
2021-11-27,18690919
2020-11-17,18554604
2020-05-22,18540967
2020-04-24,18520550
2020-06-14,18467028
2021-12-16,18453509
2020-04-27,18439390
2021-10-27,18421632
2018-11-15,18413863
2025-04-17,18386382
2021-05-23,18326073
2024-09-27,18317424
2020-10-30,18314194
2018-11-21,18224272
2023-10-20,18210410
2021-02-08,18123228
2019-01-12,18073588
2019-10-18,18040263
2019-04-12,17896962
2018-10-19,17885860
2020-12-14,17845417
2018-09-14,17839245
2022-08-05,17804297
2022-03-01,17755143
2020-08-31,17715572
2018-11-16,17708109
2017-02-14,17635184
2020-07-03,17631668
2023-12-01,17631345
2020-07-06,17630353
2022-03-11,17622379
2020-03-27,17592068
2025-12-08,17465763
2020-09-21,17458949
2022-09-30,17427406
2022-03-05,17413611
2021-05-25,17393690
2022-07-28,17389943
2025-09-20,17343328
2020-05-10,17287292
2023-04-21,17228374
2020-01-14,17228362
2019-10-14,17216244
2018-10-10,17188386
2019-01-11,17153778
2025-06-13,17143739
2018-04-23,17131738
2020-03-08,17095246
2022-05-13,17093034
2018-12-04,17086662
2022-05-16,17059360
2018-08-13,17053969
2022-12-17,17045031
2019-04-15,16997205
2020-08-20,16968823
2020-04-02,16963090
2019-05-15,16809636
2025-04-07,16768796
2022-10-09,16751403
2021-12-10,16745067
2022-12-22,16712561
2022-03-22,16667492
2025-08-25,16660589
2020-10-07,16659073
2020-07-21,16636823
2020-02-27,16616533
2022-09-05,16605574
2019-07-16,16591269
2021-12-14,16583947
2023-11-27,16577713
2023-09-22,16559504
2023-03-15,16542063
2021-04-05,16525071
2022-11-28,16496609
2023-08-25,16484792
2022-09-23,16471612
2024-10-05,16453952
2022-06-29,16452156
2023-10-09,16446699
2023-04-23,16402559
2020-01-23,16356142
2021-12-02,16336670
2020-11-15,16324056
2020-06-08,16315813
2020-02-11,16300111
2020-11-10,16292729
2020-07-01,16287415
2022-02-23,16284902
2020-01-28,16270772
2022-01-30,16270268
2022-03-21,16261401
2020-02-23,16252485
2018-11-09,16232554
2023-01-04,16228115
2017-01-16,16207230
2021-12-24,16203485
2021-11-19,16195397
2022-08-02,16192579
2018-12-01,16178273
2019-11-21,16160976
2023-09-02,16154801
2023-09-13,16147554
2025-10-07,16128349
2020-12-10,16052467
2022-03-15,16045490
2021-03-26,16007562
2023-03-03,15997335
2023-09-29,15991243
2020-02-02,15984201
2023-03-26,15965701
2022-05-09,15965205
2023-11-09,15950158
2023-11-29,15945494
2024-01-25,15933208
2024-10-04,15906712
2020-01-13,15890091
2022-03-12,15886639
2022-03-04,15883559
2020-10-31,15868197
2020-12-11,15867220
2022-02-22,15849725
2018-08-08,15849069
2023-09-23,15846781
2018-08-02,15813033
2021-10-24,15810050
2019-05-08,15792956
2021-09-23,15781000
2020-12-06,15778493
2020-07-28,15747148
2020-11-05,15745470
2020-05-13,15738940
2021-11-30,15733688
2022-01-26,15669000
2023-08-11,15661004
2020-06-19,15643112
2023-05-06,15610387
2020-10-03,15603975
2020-08-29,15577716
2019-11-29,15571826
2023-09-01,15562232
2021-01-19,15561374
2020-08-06,15559187
2018-05-25,15557599
2020-12-13,15543265
2020-02-25,15526531
2024-02-13,15523943
2020-01-20,15470694
2023-07-01,15469226
2024-05-16,15452302
2023-10-03,15440177
2020-09-12,15420011
2017-10-27,15381826
2024-01-03,15364264
2020-05-07,15355684
2021-08-05,15342239
2018-04-09,15335865
2016-11-17,15332920
2023-07-31,15322018
2020-05-04,15321070
2018-11-28,15272268
2021-04-19,15249579
2020-08-11,15234054
2023-12-05,15156341
2022-09-16,15153662
2020-02-20,15128257
2022-06-21,15119563
2025-07-16,15099462
2023-12-07,15087619
2020-11-12,15085238
2023-05-04,15063255
2020-01-19,15058118
2020-02-16,15050977
2021-03-08,15044657
2023-09-05,15042776
2021-10-21,15027147
2022-06-07,15007142
2023-01-07,14983815
2023-01-22,14960616
2023-11-01,14876321
2020-02-10,14869521
2020-02-17,14863453
2024-07-02,14855440
2022-10-21,14845107
2021-10-31,14838520
2020-11-13,14830310
2020-06-28,14824990
2024-02-11,14814320
2017-10-10,14801475
2022-06-22,14760077
2024-07-26,14758127
2017-12-04,14739236
2021-02-03,14721981
2021-02-24,14701828
2020-11-04,14695372
2022-04-07,14679279
2021-01-30,14668709
2018-10-14,14647592
2025-12-03,14647061
2025-12-01,14619347
2018-04-06,14600517
2016-09-05,14577443
2024-04-18,14545330
2018-08-26,14544667
2020-03-13,14532901
2020-07-31,14527677
2020-05-27,14488215
2018-08-10,14485328
2020-04-23,14481458
2021-11-02,14481245
2018-04-05,14470062
2023-09-08,14468363
2022-01-21,14462721
2023-11-20,14462661
2023-10-17,14430187
2018-10-23,14429005
2022-03-10,14426860
2021-01-08,14421018
2021-03-22,14411180
2022-05-11,14378807
2020-08-22,14374945
2023-04-10,14358607
2020-12-05,14352550
2018-04-20,14349471
2023-10-28,14344785
2020-03-05,14340060
2018-12-13,14315158
2018-11-13,14283832
2023-10-23,14247923
2022-08-24,14245306
2025-03-29,14240395
2018-10-09,14240001
2018-11-26,14204663
2020-09-29,14197660
2022-11-09,14191717
2023-08-30,14177518
2020-08-01,14153865
2017-01-15,14145349
2022-04-01,14144771
2020-06-09,14140891
2020-11-06,14139053
2020-02-26,14104516
2018-06-28,14093374
2022-03-03,14081488
2019-11-27,14079408
2020-06-16,14054809
2020-10-28,14048376
2022-01-10,14037540
2022-01-05,14036123
2020-02-12,14020999
2025-02-15,14020218
2020-08-09,14019891
2020-07-23,14002929
2020-03-10,13991331
2020-12-17,13964823
2022-09-26,13962614
2024-07-08,13949297
2020-10-15,13946329
2018-05-21,13942029
2023-04-24,13940303
2024-02-19,13936927
2023-09-25,13931876
2021-11-26,13902509
2021-12-25,13897579
2022-06-28,13882967
2018-11-03,13880410
2023-01-06,13879664
2023-11-28,13871005
2025-09-28,13862127
2022-07-04,13860242
2020-12-12,13859283
2025-08-16,13848729
2022-07-21,13843690
2018-12-03,13832198
2020-11-03,13826008
2020-09-11,13815375
2018-08-06,13807090
2023-11-06,13804366
2022-03-23,13794577
2023-01-21,13792954
2022-03-06,13772201
2018-10-24,13764447
2022-08-31,13746206
2023-01-24,13742685
2020-07-22,13726552
2021-05-07,13692344
2020-07-09,13685806
2019-10-08,13675177
2017-12-07,13673068
2023-04-20,13663948
2020-03-04,13656138
2021-12-18,13652851
2016-09-26,13646991
2020-12-09,13633341
2022-08-19,13629692
2024-01-01,13586974
2019-07-01,13580566
2022-12-29,13571330
2024-02-22,13552932
2017-10-09,13551959
2018-04-27,13551864
2022-01-27,13548114
2018-06-01,13541779
2023-11-15,13526446
2023-12-04,13499506
2024-09-14,13495405
2024-01-04,13493476
2022-01-12,13476786
2018-11-10,13474296
2020-10-09,13444818
2023-09-28,13435372
2017-09-07,13423732
2018-08-01,13423567
2020-07-07,13406429
2020-09-26,13398519
2020-11-25,13391854
2021-01-07,13388673
2018-10-28,13387923
2018-12-19,13362515
2020-04-21,13347296
2022-05-31,13341654
2023-05-26,13337859
2024-05-17,13325294
2022-06-01,13318062
2018-09-21,13311051
2019-04-26,13306654
2018-09-17,13296967
2023-09-14,13293024
2023-08-03,13290878
2019-06-07,13273935
2017-02-19,13273872
2022-10-14,13268029
2019-03-13,13246325
2019-07-05,13217878
2023-01-30,13177800
2021-04-16,13173906
2020-01-26,13171585
2025-05-20,13143362
2020-09-15,13136771
2020-04-08,13125186
2018-10-22,13120803
2022-01-16,13119188
2023-09-03,13118466
2024-04-30,13099413
2020-09-30,13095740
2024-07-12,13094089
2023-01-28,13075359
2022-09-19,13073049
2024-01-17,13063644
2020-12-04,13059610
2025-07-21,13048497
2021-11-03,13037588
2022-03-31,13036940
2022-05-24,13035373
2022-03-30,13020037
2019-04-02,13004503
2021-10-19,12996480
2023-08-15,12982407
2020-05-30,12979434
2022-05-06,12967212
2020-03-16,12954707
2020-01-11,12917980
2020-02-13,12912800
2023-08-17,12896978
2018-09-28,12878842
2021-12-03,12876096
2025-07-24,12872747
2018-10-03,12825846
2021-11-10,12812850
2020-05-01,12787677
2018-12-08,12775603
2025-05-24,12768247
2023-10-21,12767806
2020-06-05,12762179
2022-03-29,12761819
2016-09-11,12756352
2018-08-12,12754196
2024-12-28,12739105
2025-12-23,12738642
2019-09-03,12735695
2018-05-06,12676490
2023-08-04,12654926
2020-11-30,12634672
2023-03-28,12600307
2022-10-13,12592443
2020-03-30,12583382
2023-11-30,12572044
2016-09-29,12568686
2023-03-24,12524505
2020-08-26,12503038
2023-10-31,12502289
2023-07-11,12494545
2019-07-26,12489581
2016-10-15,12488984
2020-04-22,12476446
2017-12-11,12454279
2020-01-17,12452244
2018-05-16,12419376
2022-03-17,12413395
2025-04-12,12408781
2022-08-15,12385304
2023-01-09,12371880
2020-08-16,12361672
2023-11-13,12356188
2021-04-25,12349350
2018-08-28,12340768
2024-04-06,12339042
2022-05-08,12327672
2023-09-19,12324754
2024-01-22,12315448
2022-06-15,12313842
2020-04-05,12298670
2020-01-21,12296757
2022-02-07,12286629
2018-04-10,12275018
2018-04-18,12270327
2023-10-02,12249489
2019-03-08,12239018
2019-11-08,12235484
2018-10-31,12235217
2020-05-29,12215602
2020-05-05,12195963
2026-05-02,12195591
2022-12-28,12178408
2020-03-20,12166994
2019-04-23,12164803
2018-05-26,12163859
2021-11-28,12157214
2023-09-15,12155506
2022-07-20,12149390
2022-02-16,12136762
2022-12-20,12114058
2019-05-14,12089503
2020-10-25,12081471
2023-03-31,12078006
2023-02-14,12073114
2020-11-19,12069997
2018-07-17,12057955
2025-04-29,12032950
2023-01-17,12030384
2023-09-20,12024230
2016-11-23,12017657
2023-08-10,12013990
2021-03-10,11999987
2024-05-09,11996797
2023-11-07,11980414
2025-03-19,11970919
2022-11-07,11941281
2016-07-06,11940384
2024-01-26,11915451
2018-12-05,11894096
2023-01-05,11862535
2021-05-04,11855130
2022-07-22,11829612
2018-08-20,11823575
2023-04-15,11820044
2022-07-01,11808508
2022-03-07,11807246
2020-09-23,11801434
2025-09-30,11801357
2019-04-16,11790670
2021-12-21,11788736
2020-03-15,11784638
2019-05-16,11737995
2018-06-07,11725758
2017-02-09,11714969
2022-07-15,11713774
2022-07-18,11702781
2022-02-26,11700265
2023-12-10,11698143
2019-10-07,11684616
2019-11-19,11682138
2022-11-26,11681182
2026-04-16,11673252
2021-04-01,11672578
2019-01-29,11665624
2018-12-02,11656768
2020-06-01,11653807
2021-04-07,11626815
2020-01-16,11625108
2021-10-23,11622284
2025-09-15,11620442
2020-12-08,11608950
2022-09-01,11608434
2017-12-05,11604472
2017-01-09,11604284
2022-07-29,11596702
2019-04-25,11596483
2023-09-30,11576070
2023-03-09,11575031
2020-03-06,11564030
2018-10-12,11554666
2021-02-28,11551477
2019-04-05,11540668
2021-01-09,11532254
2020-04-01,11525093
2020-12-20,11511743
2023-10-05,11508610
2020-04-12,11504976
2023-10-30,11504101
2018-11-19,11499291
2023-01-10,11499082
2016-09-19,11498780
2020-12-30,11488246
2026-01-20,11488202
2022-03-13,11483617
2021-06-18,11482062
2018-08-22,11474131
2023-01-27,11472590
2022-02-01,11468144
2024-03-28,11466659
2017-02-22,11465132
2020-03-03,11463266
2016-06-15,11453305
2021-08-04,11449388
2025-10-11,11446004
2025-01-25,11433108
2020-10-12,11431504
2020-02-08,11428306
2018-11-05,11423483
2020-03-14,11421586
2025-01-16,11419093
2018-04-22,11410789
2020-04-11,11407739
2024-01-31,11402859
2019-12-01,11393314
2019-06-11,11382049
2018-08-31,11374780
2017-01-17,11359369
2022-03-02,11346029
2016-09-28,11336795
2022-10-01,11335640
2018-10-13,11332475
2023-08-12,11298980
2021-01-05,11295904
2022-01-29,11291134
2025-01-30,11273851
2023-10-07,11268910
2020-09-13,11265676
2022-01-08,11261697
2022-05-15,11253632
2021-03-16,11249200
2021-11-08,11246539
2022-09-20,11245125
2017-12-06,11241152
2025-11-22,11211073
2019-04-11,11204700
2024-06-21,11197339
2024-03-07,11195751
2018-06-04,11183329
2018-05-01,11162997
2024-05-04,11161740
2019-01-22,11141545
2024-03-22,11139059
2023-06-03,11138057
2022-03-27,11128050
2025-06-09,11127983
2026-03-26,11126934
2023-03-16,11092356
2023-09-26,11081870
2020-07-04,11079018
2021-03-29,11078760
2024-11-21,11071181
2021-11-05,11061039
2022-09-15,11053928
2026-03-01,11049162
2022-08-16,11037328
2018-07-21,11032020
2021-07-17,11018640
2022-09-12,11010558
2022-03-26,10989518
2023-07-03,10980380
2023-11-12,10976919
2021-05-03,10943906
2017-03-06,10936957
2022-12-12,10928124
2022-06-03,10926120
2023-02-22,10918546
2020-05-24,10910624
2021-01-13,10907818
2022-04-22,10887187
2023-02-10,10884982
2024-01-11,10881308
2023-12-02,10873014
2016-12-23,10868652
2020-03-24,10855518
2024-07-07,10852822
2023-10-18,10848764
2020-07-15,10841579
2018-05-17,10838680
2020-10-10,10829410
2016-10-19,10825493
2016-05-22,10819719
2018-07-28,10817264
2023-03-06,10813328
2023-05-12,10804859
2020-01-22,10801660
2022-11-21,10796022
2023-03-20,10784390
2022-02-05,10784358
2019-12-24,10780485
2018-10-04,10770612
2022-10-22,10767791
2024-05-11,10765384
2018-11-02,10759996
2025-03-26,10746532
2024-03-23,10739545
2023-01-03,10732334
2023-05-16,10725735
2022-04-03,10711733
2021-08-19,10710786
2023-08-02,10706981
2026-02-03,10697747
2019-12-03,10684847
2021-05-05,10678755
2018-05-07,10658845
2017-09-24,10652079
2023-07-22,10637533
2021-09-03,10628225
2019-12-12,10620086
2017-01-14,10611663
2026-03-08,10584898
2022-02-14,10577442
2022-04-25,10576632
2018-07-06,10575924
2023-03-22,10571849
2018-05-23,10554079
2024-02-08,10546851
2019-07-12,10527965
2020-07-29,10526226
2025-04-19,10509372
2024-01-24,10508682
2023-08-13,10493821
2017-11-23,10493459
2023-10-01,10488387
2020-10-05,10483381
2025-01-06,10477007
2018-07-27,10468124
2023-01-11,10453592
2019-06-27,10446194
2024-06-05,10440511
2020-12-26,10438498
2018-02-13,10431137
2024-05-18,10429299
2020-09-04,10428618
2021-11-01,10427319
2022-04-26,10423082
2020-02-22,10419901
2024-01-16,10413044
2020-04-03,10409980
2020-10-19,10402925
2016-12-17,10402031
2023-02-15,10396644
2017-02-20,10389987
2019-11-25,10388378
2026-02-07,10387301
2023-02-17,10364369
2018-09-20,10363418
2021-01-02,10357662
2021-12-27,10346105
2023-02-04,10331743
2020-12-16,10328517
2019-11-12,10324526
2020-09-02,10313661
2018-11-04,10304744
2021-01-17,10291203
2018-11-29,10287082
2026-02-02,10278049
2024-02-06,10262815
2018-08-19,10244503
2019-09-23,10239448
2023-01-29,10231136
2018-10-06,10224184
2023-01-12,10224097
2018-09-24,10213242
2020-06-30,10204594
2017-12-13,10200157
2018-04-25,10182893
2022-01-23,10173499
2023-03-08,10166751
2018-06-09,10164626
2019-04-10,10164304
2020-03-11,10150226
2021-04-15,10148095
2019-11-28,10147908
2019-04-29,10144734
2022-05-23,10142851
2024-03-17,10140909
2023-03-29,10140870
2021-01-03,10122114
2016-04-08,10107335
2020-04-18,10102221
2019-10-22,10091640
2023-04-12,10090109
2021-10-25,10082867
2025-05-14,10082116
2024-01-13,10073380
2020-06-20,10073278
2022-03-28,10065635
2020-09-07,10059753
2023-10-04,10044721
2022-02-10,10031207
2016-10-10,10027586
2020-05-11,10026272
2020-06-25,10023474
2018-12-06,10022347
2019-06-15,10021885
2019-08-02,10014523
2018-06-13,10006943
2024-08-08,10006877
2020-04-04,9994632
2022-09-08,9982370
2024-04-10,9979149
2024-03-26,9967307
2018-05-30,9953479
2018-07-20,9949925
2016-05-23,9944528
2018-12-21,9941669
2022-11-03,9938828
2022-12-21,9929941
2020-05-12,9912156
2022-12-14,9903025
2023-01-26,9900337
2022-01-20,9898923
2023-06-16,9891965
2021-05-10,9891395
2018-06-19,9886113
2025-03-24,9871979
2022-10-30,9864373
2019-07-27,9863699
2025-03-31,9848635
2020-02-06,9848401
2022-08-04,9845489
2023-09-21,9844310
2023-08-31,9838984
2024-03-11,9835297
2020-01-29,9825080
2023-04-04,9824076
2021-12-17,9812830
2018-07-16,9805735
2022-09-03,9801807
2019-07-06,9794020
2023-04-02,9790045
2020-11-26,9782506
2022-09-07,9777549
2024-06-03,9770735
2018-10-20,9768934
2023-11-22,9768695
2016-03-30,9766131
2021-11-22,9741298
2021-05-02,9733593
2020-05-20,9730867
2021-12-12,9725798
2017-11-10,9724633
2025-11-12,9722812
2017-01-05,9722449
2016-06-01,9721985
2023-08-29,9720607
2024-04-28,9718277
2021-11-12,9712919
2016-07-04,9711321
2018-08-03,9703674
2021-04-28,9696451
2023-03-10,9692373
2025-08-20,9689477
2023-10-29,9680833
2020-01-08,9673305
2022-11-08,9658589
2017-02-21,9657356
2021-01-01,9650125
2024-04-22,9639227
2019-04-27,9632970
2024-01-18,9632935
2018-07-11,9629626
2023-07-28,9623715
2017-11-06,9620419
2020-07-17,9608148
2026-01-29,9587205
2024-03-25,9585857
2020-05-03,9575769
2023-12-24,9571481
2023-03-01,9569983
2019-03-07,9565894
2016-03-28,9560714
2022-09-02,9560680
2024-06-19,9557759
2023-11-26,9555545
2023-01-31,9531257
2024-03-30,9529881
2022-10-16,9525278
2022-07-25,9522973
2018-10-25,9521989
2018-12-09,9516128
2023-12-22,9513460
2022-05-12,9507974
2023-07-13,9506375
2016-07-02,9502996
2026-01-14,9500781
2022-05-28,9499756
2022-04-14,9498362
2021-03-13,9491959
2022-01-25,9487338
2018-10-05,9465940
2022-04-19,9464403
2020-08-12,9450299
2018-04-17,9447087
2022-12-07,9440096
2020-10-11,9437403
2019-12-22,9434447
2021-01-11,9431616
2024-03-01,9416018
2021-11-21,9409985
2017-03-09,9408933
2020-11-21,9406849
2018-07-18,9405621
2018-05-24,9398443
2021-01-16,9390309
2022-06-24,9389193
2022-01-06,9384425
2018-05-09,9380987
2022-05-26,9379423
2023-10-14,9379194
2021-03-01,9374853
2022-07-14,9370673
2016-11-20,9366992
2018-04-12,9351574
2022-04-06,9350996
2024-02-16,9350173
2023-06-18,9346710
2021-04-06,9337770
2020-05-17,9334927
2020-12-19,9319159
2021-05-08,9304602
2018-09-08,9304594
2023-07-12,9303597
2018-06-24,9296754
2018-09-10,9295267
2023-01-23,9294444
2020-03-02,9288428
2018-07-19,9287216
2024-04-09,9284152
2020-11-08,9282805
2026-03-14,9274807
2022-12-15,9269443
2020-10-14,9241113
2018-07-05,9237286
2021-09-30,9216144
2017-03-01,9211852
2018-12-14,9211157
2018-06-27,9205815
2024-11-11,9204089
2023-07-25,9197194
2025-06-05,9193781
2023-08-09,9178846
2016-11-16,9176570
2017-10-26,9175855
2022-08-08,9171909
2016-04-10,9171296
2020-06-15,9158808
2023-02-13,9153953
2022-02-09,9150844
2021-11-17,9147399
2022-11-24,9145857
2020-02-21,9135868
2023-04-07,9131996
2019-12-21,9131373
2020-05-25,9124657
2020-11-11,9122741
2025-03-12,9118940
2017-02-15,9118507
2022-02-24,9108137
2022-10-03,9104011
2018-10-27,9095280
2020-12-07,9090853
2016-09-10,9084019
2018-11-17,9076155
2020-07-08,9071166
2020-02-24,9062315
2024-01-09,9054485
2025-07-19,9032348
2024-05-29,9027792
2019-09-30,9023069
2018-09-04,9013927
2022-06-10,8999958
2022-01-24,8981588
2022-01-14,8980591
2021-08-30,8972336
2021-04-02,8969459
2018-04-26,8961380
2016-11-24,8954530
2023-07-21,8949299
2020-10-16,8947682
2018-05-22,8944026
2021-01-21,8924680
2026-04-13,8923601
2025-05-22,8923418
2019-04-07,8921016
2016-11-27,8918501
2018-11-24,8915149
2025-05-29,8905104
2020-12-22,8900247
2019-07-11,8891659
2021-02-04,8887493
2021-11-24,8883928
2024-01-08,8879862
2020-06-26,8878482
2023-01-15,8868522
2024-03-27,8863677
2021-10-06,8860837
2024-03-20,8853647
2019-05-29,8849556
2022-06-12,8844761
2017-02-25,8843551
2021-09-14,8841476
2025-09-18,8831881
2020-06-22,8825755
2024-03-03,8823153
2023-05-27,8822796
2020-12-27,8820447
2020-06-11,8819214
2023-04-11,8815099
2020-03-09,8811537
2022-09-09,8808867
2017-08-21,8778626
2016-12-24,8778608
2019-06-30,8776763
2021-10-07,8771960
2019-01-23,8767618
2017-10-19,8761760
2021-02-19,8758980
2026-04-27,8758796
2021-11-20,8755790
2022-11-25,8753492
2020-04-09,8752753
2019-06-14,8750622
2021-05-17,8736767
2016-12-11,8736133
2020-07-27,8730130
2022-10-12,8719618
2019-11-26,8712439
2022-10-04,8693033
2016-05-19,8688854
2024-03-12,8688136
2021-10-04,8687517
2022-09-14,8683422
2023-03-25,8673703
2024-08-18,8668822
2023-05-28,8667828
2021-01-15,8665009
2021-04-20,8662855
2021-06-13,8652962
2023-07-05,8640881
2020-12-24,8637439
2022-04-21,8637383
2022-12-31,8631082
2022-07-24,8620992
2023-04-16,8607782
2022-09-13,8607280
2022-02-02,8607095
2020-04-28,8606608
2021-01-26,8598893
2022-08-17,8594517
2023-02-07,8594287
2021-05-09,8591638
2025-03-06,8587258
2019-06-08,8583521
2022-04-05,8572707
2023-10-11,8571755
2018-07-30,8565739
2016-09-12,8563785
2018-02-18,8562778
2024-01-29,8555132
2021-10-03,8542341
2016-05-17,8538468
2024-12-03,8534748
2021-10-09,8528447
2023-12-03,8523540
2019-10-23,8512457
2021-06-17,8511916
2016-06-27,8507524
2025-06-27,8496987
2023-04-29,8496834
2022-02-28,8496238
2019-07-07,8478395
2018-06-15,8459409
2023-03-17,8454103
2020-10-21,8452327
2022-05-19,8450772
2024-05-22,8443706
2020-10-18,8442266
2021-04-26,8438375
2021-07-14,8435156
2023-06-06,8434181
2023-04-13,8432223
2018-11-07,8428428
2019-01-08,8426912
2023-06-02,8425729
2018-09-09,8412354
2021-04-18,8408356
2023-05-08,8404251
2018-09-27,8395361
2022-11-11,8394362
2023-09-18,8394231
2020-11-24,8377428
2025-04-10,8375268
2025-03-13,8367232
2021-09-20,8365056
2016-08-03,8344282
2023-07-04,8340505
2022-12-27,8332666
2024-04-26,8319332
2019-09-07,8318992
2020-03-17,8316469
2023-04-17,8311202
2023-06-12,8307529
2019-05-06,8304987
2017-02-16,8302619
2021-07-16,8296426
2021-03-12,8287866
2025-08-19,8287191
2021-12-23,8280858
2022-06-20,8278900
2018-08-11,8277189
2020-07-14,8273349
2020-07-05,8267654
2023-05-20,8264829
2026-04-24,8262090
2022-04-15,8260547
2019-10-17,8249435
2020-10-29,8248905
2023-05-05,8245193
2026-01-06,8236614
2020-12-31,8232779
2022-07-26,8229905
2023-04-14,8229366
2021-12-04,8228816
2018-05-29,8223734
2018-11-14,8218536
2025-11-07,8214936
2022-11-05,8204833
2016-12-22,8204673
2019-02-14,8203728
2021-03-31,8200051
2024-01-14,8194358
2019-03-28,8192580
2020-03-12,8192135
2019-04-19,8191235
2017-03-08,8186117
2023-02-06,8163367
2020-05-23,8157994
2022-10-07,8156069
2025-11-04,8155991
2020-12-21,8137299
2019-01-09,8134390
2022-05-04,8127255
2019-11-10,8122427
2018-06-18,8115937
2021-11-18,8115030
2020-09-27,8112451
2021-09-21,8106419
2022-04-08,8106320
2017-02-23,8089249
2020-08-03,8076217
2024-07-23,8075277
2016-11-19,8068238
2022-06-17,8061696
2018-08-14,8058638
2024-09-07,8056015
2025-06-19,8053303
2021-03-23,8053071
2022-06-16,8040852
2018-12-18,8037444
2017-11-17,8033885
2025-10-22,8022126
2024-12-12,8021786
2018-09-30,8021286
2021-06-29,8014079
2023-03-13,8010724
2022-07-19,8002546
2018-05-11,7988102
2019-03-29,7985852
2016-12-08,7985118
2021-08-02,7981677
2017-03-02,7975483
2016-05-12,7971362
2023-09-24,7966865
2021-08-01,7962398
2020-04-19,7960652
2021-02-22,7956803
2022-01-13,7951486
2017-10-16,7950597
2022-08-18,7945812
2020-08-17,7932268
2022-10-10,7917129
2022-02-19,7916506
2020-06-06,7912928
2020-06-02,7908938
2021-04-30,7895660
2023-03-27,7888776
2019-05-03,7874158
2018-09-19,7834195
2026-01-19,7828024
2024-01-28,7824211
2019-04-24,7823262
2021-09-02,7823237
2024-02-23,7811315
2024-04-05,7801616
2020-04-20,7794946
2023-04-06,7792461
2026-04-22,7777225
2022-03-20,7776137
2017-09-01,7775900
2016-08-20,7769969
2022-04-11,7768066
2022-04-13,7755113
2024-05-25,7736116
2019-05-20,7728707
2020-02-19,7717830
2023-05-23,7715753
2020-05-16,7713659
2022-12-19,7712278
2023-11-16,7711086
2024-10-27,7711065
2025-06-12,7703759
2019-04-09,7699448
2025-11-15,7696034
2024-10-19,7694107
2021-08-14,7687297
2022-04-12,7683273
2021-03-25,7681802
2018-07-08,7680608
2025-05-01,7679381
2020-01-12,7679272
2022-10-17,7677267
2025-11-14,7674483
2021-02-11,7665107
2023-10-08,7661737
2023-02-23,7660119
2018-08-30,7653333
2019-01-24,7653044
2025-04-06,7642919
2023-05-18,7640990
2026-03-03,7640886
2025-04-23,7634546
2022-07-03,7631210
2021-04-10,7627396
2025-09-29,7622777
2018-06-03,7616104
2022-05-20,7609938
2019-03-25,7609482
2024-08-01,7608709
2025-06-01,7606116
2019-07-20,7599284
2019-05-13,7597695
2017-01-03,7596846
2018-07-10,7587705
2024-01-05,7583722
2020-04-14,7582734
2016-06-12,7562991
2026-04-18,7561436
2025-03-09,7556281
2023-08-19,7543720
2022-09-22,7537529
2024-05-23,7531295
2024-11-01,7530717
2022-10-27,7528066
2023-03-07,7523441
2016-04-07,7514840
2023-11-19,7514374
2016-10-30,7513134
2024-02-27,7495735
2024-08-06,7483776
2024-08-04,7480503
2020-07-02,7479624
2026-04-17,7477840
2025-05-21,7468578
2025-01-03,7465497
2024-02-12,7463345
2016-12-30,7463273
2023-01-16,7458143
2024-06-06,7455946
2018-06-25,7455227
2023-02-27,7454609
2021-01-27,7453892
2021-11-15,7449450
2016-03-20,7449002
2022-11-06,7447026
2023-04-30,7444766
2025-02-01,7431098
2016-09-21,7397111
2022-04-28,7396785
2020-07-16,7394747
2019-10-13,7394200
2021-02-21,7386243
2020-07-26,7372581
2021-04-08,7369203
2016-10-25,7368340
2024-04-12,7362828
2025-03-22,7361091
2019-10-30,7355866
2023-10-16,7351835
2025-09-22,7344765
2020-04-10,7343381
2021-10-05,7331057
2026-04-12,7322871
2020-10-13,7316480
2021-12-29,7315690
2019-04-17,7313174
2022-11-23,7310435
2021-01-29,7307609
2018-06-23,7303233
2022-07-27,7302462
2024-05-07,7301834
2018-11-25,7299923
2017-01-08,7296210
2021-02-10,7295621
2022-10-11,7290411
2023-12-06,7287584
2018-06-02,7287147
2023-02-25,7275599
2019-05-31,7274171
2023-02-03,7255131
2021-04-17,7253994
2026-03-02,7251390
2021-05-11,7244955
2024-11-06,7237141
2025-11-11,7234362
2023-10-24,7232671
2025-09-03,7232243
2020-06-12,7228477
2021-02-25,7226353
2017-01-10,7221211
2023-01-02,7213488
2024-02-25,7211054
2018-09-23,7194235
2021-11-11,7190702
2024-10-28,7183688
2022-08-11,7177335
2022-08-10,7166419
2023-10-10,7157878
2022-04-23,7135856
2018-04-24,7123779
2022-02-15,7113518
2022-09-06,7108369
2020-06-24,7100088
2018-05-27,7094780
2022-08-25,7084809
2019-10-31,7080115
2016-06-05,7073251
2016-03-27,7068784
2024-08-15,7066272
2018-07-22,7060839
2018-05-18,7057709
2019-07-04,7057262
2023-06-28,7056300
2018-04-19,7051389
2018-07-09,7050708
2023-08-16,7048961
2023-03-05,7044700
2022-08-09,7044569
2025-06-16,7043561
2019-05-26,7042542
2019-10-28,7024238
2021-05-16,7018214
2018-08-21,7014064
2021-10-20,7000641
2023-06-17,7000468
2024-02-17,7000352
2026-03-04,6998738
2024-07-04,6992076
2025-01-29,6989873
2020-08-28,6983494
2023-02-08,6968834
2021-06-19,6966425
2019-06-03,6957121
2022-05-27,6954530
2018-09-02,6949435
2019-10-03,6943387
2025-03-25,6937487
2017-02-28,6934927
2024-02-15,6934921
2022-08-01,6934503
2018-07-31,6934423
2025-08-12,6926896
2016-07-17,6926428
2020-08-24,6918421
2017-01-11,6917001
2025-06-04,6914726
2023-10-06,6909785
2016-11-14,6909381
2018-08-24,6892911
2016-06-14,6890762
2024-04-11,6888301
2022-12-13,6885800
2019-03-05,6881546
2017-10-17,6874569
2026-01-27,6873008
2020-01-30,6871824
2021-04-11,6870783
2019-09-24,6863966
2022-02-25,6863654
2019-11-13,6860157
2017-12-01,6859027
2020-01-27,6855793
2026-03-07,6849855
2017-01-02,6849169
2020-03-21,6844023
2018-03-19,6839245
2019-03-27,6836378
2021-12-19,6834978
2018-11-06,6833649
2020-04-06,6832075
2021-10-12,6830615
2022-01-02,6828217
2021-12-15,6821658
2024-03-04,6819666
2026-01-16,6818689
2024-05-31,6817751
2025-12-29,6807388
2025-02-28,6802368
2019-07-30,6802025
2019-06-18,6780092
2024-07-16,6777310
2023-07-19,6776271
2016-11-28,6774662
2021-09-25,6773205
2024-09-01,6772080
2020-03-01,6769859
2018-07-07,6745872
2022-11-27,6734189
2023-03-04,6732833
2021-06-05,6731555
2022-08-20,6730316
2023-12-09,6727447
2022-11-29,6726313
2024-09-25,6724650
2025-10-06,6721297
2026-01-26,6700814
2020-05-21,6700409
2021-06-02,6692377
2016-06-28,6688787
2016-04-30,6682680
2020-10-22,6681786
2016-12-07,6679339
2020-11-02,6672823
2023-05-13,6671259
2026-03-21,6670242
2017-03-05,6669904
2022-01-22,6667203
2018-11-18,6666167
2019-03-02,6665417
2024-09-03,6664111
2016-10-17,6661874
2024-07-24,6652488
2020-02-09,6652176
2021-07-26,6642922
2026-03-30,6627666
2018-05-14,6627558
2018-09-11,6627497
2018-08-04,6627325
2016-06-11,6626365
2022-05-30,6618173
2017-09-29,6617723
2021-07-27,6614303
2022-12-05,6607738
2018-05-05,6607573
2019-07-19,6606867
2022-10-19,6605296
2025-03-02,6604089
2022-01-18,6596064
2025-04-24,6593254
2026-04-01,6592418
2023-04-08,6591441
2023-07-09,6589297
2018-05-02,6585385
2026-02-28,6581118
2025-12-16,6578691
2023-12-13,6576765
2026-02-16,6575457
2019-06-28,6572438
2018-05-31,6571572
2022-05-18,6565686
2023-06-30,6559040
2022-05-10,6558961
2022-12-01,6551458
2022-11-01,6550362
2018-10-15,6548782
2019-07-18,6544544
2023-09-17,6543645
2022-02-11,6536892
2025-01-26,6531186
2026-03-10,6529621
2018-09-18,6527223
2024-06-25,6525760
2018-04-07,6524134
2026-03-12,6521153
2016-12-20,6514721
2019-05-02,6512704
2016-05-14,6511255
2024-09-13,6507779
2021-01-14,6506942
2024-04-04,6500889
2021-07-15,6494095
2016-05-03,6490639
2018-04-21,6480911
2019-09-29,6478104
2019-06-29,6476614
2023-05-31,6459930
2021-06-16,6450166
2018-03-04,6446909
2018-04-04,6442465
2022-06-06,6442399
2019-05-07,6442232
2021-08-16,6434141
2022-01-01,6433840
2024-04-16,6425544
2021-12-05,6424832
2018-07-24,6419821
2022-07-06,6417784
2024-01-23,6415994
2018-02-15,6413562
2023-06-29,6407739
2019-11-04,6404491
2020-05-06,6404241
2025-06-18,6396831
2021-09-16,6379821
2023-04-05,6377148
2020-12-28,6374887
2021-03-19,6373778
2024-06-17,6373534
2023-08-08,6367773
2019-10-10,6361952
2025-01-24,6358346
2019-07-17,6356830
2022-06-05,6352834
2025-11-05,6351196
2019-11-18,6350015
2024-01-30,6349555
2016-10-03,6346690
2017-11-15,6341224
2019-11-07,6322589
2024-08-30,6320847
2024-09-28,6319157
2019-07-13,6318665
2020-03-28,6312040
2016-06-30,6296294
2020-10-04,6294694
2026-03-27,6292878
2022-01-31,6285645
2025-07-08,6284401
2017-11-07,6265940
2019-05-10,6264506
2022-03-19,6254128
2019-06-04,6244450
2019-09-20,6240875
2020-05-15,6235514
2022-06-19,6218657
2019-04-03,6213372
2025-12-21,6212985
2018-11-12,6211947
2016-10-04,6209165
2017-03-04,6202627
2016-07-14,6200200
2023-08-23,6200114
2025-04-01,6194683
2023-05-10,6193760
2021-04-12,6191401
2020-01-10,6190764
2017-09-05,6189147
2023-05-15,6181752
2023-07-23,6181326
2026-02-19,6170924
2025-01-10,6170073
2023-04-01,6168734
2018-06-08,6168035
2019-10-04,6167860
2018-07-15,6166759
2023-02-16,6162176
2022-08-14,6158059
2023-01-20,6156193
2025-03-10,6151760
2023-05-02,6149770
2016-05-04,6147029
2025-05-12,6136225
2021-12-11,6135754
2019-06-05,6122954
2016-12-18,6120384
2021-12-13,6119335
2025-12-11,6109195
2018-02-12,6095432
2025-09-23,6091475
2020-10-17,6087054
2019-03-26,6085183
2019-06-21,6070037
2024-11-26,6068729
2023-06-01,6067540
2020-01-01,6065583
2018-02-22,6064951
2020-03-18,6054012
2022-10-02,6052007
2026-05-04,6049605
2021-06-23,6045522
2025-11-29,6038238
2023-02-11,6037936
2023-07-20,6036557
2023-11-04,6033693
2019-03-16,6027409
2023-05-24,6027190
2021-10-28,6023019
2016-06-21,6020470
2025-10-28,6020193
2020-09-01,6018395
2025-03-11,6016921
2019-06-22,6014376
2022-12-02,6011737
2021-10-08,6010403
2016-11-10,6009893
2024-10-03,6007563
2021-01-23,6000233
2018-09-01,5996989
2016-09-08,5992230
2023-11-23,5989944
2024-05-10,5986875
2023-07-15,5984551
2021-07-09,5982397
2019-05-09,5981912
2025-04-04,5981569
2022-08-30,5978801
2022-07-16,5978214
2017-11-18,5973748
2025-01-23,5971216
2026-04-23,5968953
2026-04-02,5963889
2018-12-11,5958039
2016-03-29,5957471
2021-01-12,5940621
2018-07-25,5939662
2023-09-04,5939580
2016-05-01,5918012
2016-11-15,5917288
2019-06-10,5916998
2016-05-26,5915891
2024-06-30,5914745
2022-06-13,5913888
2022-08-29,5907483
2020-07-18,5904195
2020-12-03,5901210
2018-05-15,5897283
2021-07-21,5896200
2024-04-23,5893417
2023-08-01,5882418
2022-09-21,5878796
2024-10-06,5873888
2021-04-24,5872145
2021-02-06,5866319
2024-01-10,5866044
2021-01-28,5865042
2017-10-30,5862527
2021-03-02,5861315
2017-01-04,5849423
2026-04-20,5835638
2025-10-21,5833049
2019-02-22,5831351
2019-12-15,5819865
2025-01-11,5816477
2016-05-20,5812362
2024-08-09,5809196
2022-04-18,5808362
2021-09-05,5807563
2020-09-22,5806174
2021-08-17,5806068
2026-03-09,5801627
2022-02-08,5801168
2023-10-15,5800013
2018-07-12,5799507
2024-12-24,5798974
2020-10-02,5797172
2024-03-18,5793835
2025-03-23,5790223
2024-11-12,5790210
2019-11-06,5789336
2025-08-26,5780521
2019-10-25,5780481
2016-11-12,5775333
2016-04-13,5771444
2019-11-15,5765071
2021-07-05,5747387
2025-03-17,5745311
2024-04-20,5742844
2020-02-15,5741424
2023-03-11,5740906
2023-05-22,5737838
2016-03-21,5734744
2018-12-07,5730450
2022-08-07,5724755
2023-08-22,5718839
2022-06-02,5713600
2025-01-04,5711497
2023-01-08,5707153
2017-01-18,5706378
2023-05-17,5685427
2023-01-18,5681231
2021-11-16,5666754
2021-09-07,5666121
2024-10-23,5665867
2023-01-25,5664218
2024-08-10,5658137
2020-02-07,5657437
2022-03-08,5654655
2021-02-17,5651994
2023-11-05,5650217
2020-04-17,5649366
2021-02-27,5647812
2021-03-15,5647044
2019-01-17,5643910
2017-02-27,5626970
2018-08-05,5625379
2024-02-02,5622931
2018-04-16,5622129
2025-01-12,5621380
2020-11-18,5615359
2020-12-01,5608355
2025-02-20,5594332
2019-07-15,5591695
2022-04-16,5591690
2021-01-04,5591667
2018-05-08,5587716
2018-07-26,5585736
2026-03-11,5580909
2019-05-12,5580708
2025-10-23,5577051
2016-10-28,5575846
2017-11-22,5573277
2024-12-23,5572964
2021-02-12,5572219
2019-06-12,5569457
2017-01-26,5561729
2019-11-14,5556753
2023-09-06,5541271
2022-07-31,5540878
2023-09-16,5529843
2026-02-12,5525627
2019-02-13,5524270
2017-10-31,5523831
2024-08-26,5522779
2023-03-12,5522201
2018-09-26,5518328
2017-01-01,5516875
2025-09-16,5516826
2026-04-25,5516793
2026-03-23,5510937
2025-03-05,5510552
2020-05-18,5509241
2021-02-09,5508449
2021-03-05,5507607
2023-10-13,5506428
2019-04-08,5501759
2023-06-27,5499949
2016-05-15,5497875
2022-10-20,5497157
2024-01-27,5493957
2023-04-25,5493048
2024-02-07,5490684
2017-09-12,5485286
2021-12-06,5485162
2025-02-18,5484165
2025-04-28,5480062
2022-06-25,5477426
2018-03-28,5473612
2020-06-17,5470073
2026-03-05,5466771
2020-05-26,5462816
2026-03-29,5460638
2024-07-10,5451878
2024-10-31,5451597
2019-08-01,5445903
2024-08-23,5445357
2023-07-17,5444813
2016-09-22,5439889
2024-02-01,5439249
2025-06-20,5435994
2025-06-06,5432321
2024-08-13,5425369
2016-12-29,5423940
2022-06-11,5418296
2022-07-07,5405343
2016-09-13,5398947
2025-12-15,5390425
2022-06-14,5374024
2021-03-18,5368527
2023-03-21,5363819
2024-10-26,5354000
2019-07-14,5353509
2019-06-25,5352120
2023-07-30,5346134
2025-12-24,5335989
2024-06-14,5334098
2021-12-26,5331504
2025-07-11,5330580
2017-11-30,5328489
2016-12-12,5316464
2017-01-12,5315599
2025-03-21,5314484
2024-09-21,5310158
2025-10-08,5307984
2021-05-15,5305298
2021-03-04,5292868
2025-08-15,5292726
2020-08-14,5281828
2025-09-09,5281744
2018-07-29,5280530
2024-08-29,5268416
2018-04-28,5268012
2021-08-31,5263117
2025-03-01,5261580
2023-07-18,5261301
2023-12-31,5260205
2021-06-07,5259270
2024-02-26,5256952
2016-11-13,5248849
2024-09-20,5246304
2023-07-26,5244299
2025-02-02,5243332
2024-12-19,5235357
2021-11-13,5231525
2023-12-26,5221837
2022-05-22,5219329
2025-04-21,5218186
2024-05-08,5214585
2024-07-19,5210089
2020-08-27,5206048
2025-05-04,5204396
2021-12-20,5197807
2017-11-20,5194807
2018-02-20,5194723
2022-12-18,5185702
2021-02-13,5184803
2016-12-25,5170866
2025-05-27,5169274
2024-03-21,5168787
2020-01-24,5162490
2023-04-09,5161783
2019-11-09,5160403
2024-11-28,5151891
2020-06-29,5144343
2021-04-13,5141409
2024-08-28,5128710
2019-07-22,5126652
2021-11-25,5126617
2016-05-29,5121236
2026-05-05,5120266
2016-10-12,5119227
2022-06-23,5118808
2024-01-07,5113163
2022-06-30,5101478
2023-06-07,5101199
2025-08-13,5099709
2020-05-08,5099555
2018-09-15,5098950
2017-07-08,5097644
2018-07-23,5096451
2021-02-05,5092584
2025-04-14,5088683
2018-06-11,5087318
2018-04-11,5085327
2021-10-15,5066067
2026-01-15,5065917
2018-03-03,5065809
2026-03-06,5063674
2020-07-13,5060420
2023-06-22,5059796
2023-02-24,5058063
2026-02-11,5057351
2025-09-26,5038465
2024-03-14,5030919
2019-02-01,5029566
2024-01-02,5029038
2023-12-12,5027296
2021-12-07,5022897
2021-04-27,5020905
2020-01-09,5020806
2019-10-24,5020231
2023-02-26,5013884
2016-06-26,5011134
2024-12-18,5010530
2016-10-23,5009515
2021-11-09,5008500
2021-09-26,4999022
2016-11-07,4998647
2025-03-15,4998484
2022-07-17,4992677
2024-11-29,4991614
2022-09-18,4978559
2026-03-13,4973133
2023-02-05,4958922
2020-12-18,4952687
2023-10-25,4952542
2018-06-21,4943469
2017-02-17,4942870
2016-12-02,4942448
2016-09-07,4942196
2021-10-01,4939314
2021-08-24,4935482
2020-04-16,4932958
2026-02-10,4932201
2016-05-08,4929569
2024-11-17,4922986
2021-10-10,4919918
2025-06-23,4918444
2019-02-28,4914738
2022-12-08,4913003
2016-06-07,4899818
2024-10-02,4890979
2025-05-30,4889820
2015-12-16,4887509
2017-09-26,4885063
2022-01-17,4882058
2024-09-11,4879929
2019-02-04,4879503
2024-06-07,4878408
2022-05-07,4878233
2018-02-06,4877126
2019-03-04,4867595
2021-08-06,4865979
2016-08-29,4865464
2016-12-14,4864532
2018-09-22,4863225
2024-12-20,4861055
2026-04-09,4859784
2025-05-08,4859559
2023-04-26,4859518
2025-10-20,4856226
2019-01-10,4854153
2021-03-03,4852020
2022-04-17,4851880
2026-01-17,4851771
2024-10-15,4848771
2019-04-01,4840348
2022-09-24,4836878
2022-11-14,4836379
2020-08-02,4834459
2025-02-09,4830384
2023-07-07,4827574
2021-06-28,4823231
2021-07-01,4818393
2024-11-16,4815475
2022-06-18,4808570
2023-06-15,4808450
2025-09-01,4799466
2025-02-22,4795232
2026-01-10,4793340
2024-09-05,4790342
2021-03-24,4786219
2023-08-27,4779764
2024-07-15,4772749
2025-10-01,4770493
2019-07-25,4768583
2022-10-08,4765676
2017-09-18,4760298
2022-11-18,4759687
2024-07-27,4756120
2022-02-12,4741770
2021-09-01,4735343
2023-04-18,4732330
2022-10-15,4726329
2018-03-27,4724038
2020-06-10,4719861
2020-08-04,4716088
2023-12-15,4708951
2025-03-18,4706863
2016-12-10,4703738
2022-12-24,4695946
2023-12-25,4687284
2021-04-09,4686267
2019-12-14,4682079
2016-12-05,4681277
2016-12-06,4671787
2026-01-30,4667166
2019-05-25,4662874
2022-11-30,4659688
2019-01-31,4659015
2024-11-20,4651212
2021-11-23,4650009
2022-10-05,4649852
2025-02-19,4648914
2019-12-31,4646259
2024-04-15,4644007
2024-02-03,4643734
2024-10-17,4643480
2023-08-24,4640890
2018-06-29,4633848
2024-03-29,4630642
2026-01-23,4628215
2022-05-25,4623859
2018-06-17,4623833
2023-08-20,4622352
2017-10-05,4617577
2024-07-22,4617401
2023-05-30,4614831
2021-10-22,4609089
2023-05-11,4606746
2016-09-18,4606689
2024-07-14,4606630
2018-06-16,4604807
2019-10-15,4602977
2023-06-24,4598467
2024-06-01,4592880
2025-04-03,4589586
2025-11-10,4588551
2022-10-23,4567600
2019-06-06,4567118
2020-06-07,4564985
2024-01-20,4560703
2020-07-25,4558010
2024-05-03,4554691
2018-08-17,4551119
2022-09-04,4550262
2024-07-09,4543532
2019-03-22,4540677
2021-02-01,4540605
2025-07-30,4532930
2023-09-09,4530285
2016-07-07,4529097
2025-01-28,4526316
2026-04-14,4526078
2021-11-06,4516710
2023-03-14,4515875
2024-04-29,4510217
2019-03-12,4504449
2025-05-06,4495493
2023-12-20,4491041
2026-03-25,4479644
2018-03-07,4479561
2016-08-30,4475698
2025-11-30,4462490
2024-10-07,4462311
2022-09-29,4461063
2016-05-31,4460536
2024-08-21,4458424
2023-01-19,4455213
2018-06-06,4451480
2024-12-04,4449271
2018-06-05,4448787
2018-02-09,4444780
2018-03-22,4443066
2019-09-12,4438309
2018-12-10,4437086
2022-09-28,4435392
2016-11-06,4428607
2017-11-12,4427795
2020-03-25,4423978
2024-09-17,4423757
2020-09-18,4417168
2019-08-08,4415177
2026-04-03,4413637
2018-06-30,4412705
2025-04-26,4411747
2018-01-30,4410898
2021-08-22,4409923
2019-02-12,4404162
2024-10-18,4400139
2023-10-12,4391529
2024-12-27,4377798
2016-04-05,4376099
2021-06-03,4373663
2019-10-12,4364249
2018-10-02,4362621
2023-03-18,4356425
2023-06-09,4352710
2016-11-29,4352473
2024-11-03,4351891
2023-05-21,4346864
2021-06-26,4342681
2021-11-29,4342292
2022-12-11,4340732
2020-11-27,4338368
2017-03-03,4338108
2026-04-04,4337971
2019-07-10,4332020
2025-01-13,4327698
2019-02-20,4313295
2023-06-14,4308244
2016-04-16,4303502
2018-03-26,4301528
2020-09-09,4300793
2016-06-06,4299284
2018-02-24,4298415
2024-09-15,4297205
2021-12-22,4290449
2018-09-29,4287869
2023-08-28,4283086
2024-09-02,4280911
2024-11-09,4279572
2016-09-20,4278604
2026-02-04,4278116
2024-07-28,4264442
2026-04-08,4263628
2024-05-05,4263225
2021-07-18,4256270
2020-12-23,4251774
2022-01-11,4251266
2021-05-21,4243258
2021-07-30,4243102
2025-06-10,4242393
2024-02-28,4242386
2017-09-13,4242350
2025-11-17,4233986
2020-03-19,4225505
2024-05-27,4225025
2016-09-17,4224448
2017-09-02,4218078
2024-01-21,4218007
2025-04-18,4214416
2022-11-20,4213974
2022-04-24,4213358
2017-11-16,4211078
2020-09-25,4209974
2016-11-21,4208345
2024-09-24,4207243
2022-01-19,4206683
2025-09-21,4206536
2023-06-20,4205763
2023-10-26,4200077
2019-09-13,4193788
2024-12-13,4190017
2023-11-17,4189581
2024-06-13,4186124
2024-08-12,4183614
2025-02-03,4174330
2022-08-13,4174289
2023-11-11,4172635
2024-10-01,4170252
2018-12-22,4168674
2023-11-21,4166237
2023-05-07,4166156
2024-05-28,4162575
2025-11-18,4161820
2018-01-23,4160891
2026-01-08,4157067
2020-11-28,4153765
2021-08-07,4153000
2021-09-13,4145839
2025-05-16,4140724
2020-08-15,4125523
2022-11-19,4122598
2018-02-07,4120382
2017-01-20,4119746
2024-03-06,4114698
2019-03-06,4110226
2019-04-18,4107233
2026-03-19,4100520
2020-09-19,4087715
2022-09-17,4082275
2017-01-22,4079452
2024-03-19,4077194
2017-03-10,4076450
2019-08-21,4072823
2019-06-17,4072697
2024-10-14,4072037
2017-01-21,4066629
2019-10-21,4063395
2021-03-28,4058143
2019-01-21,4052136
2023-03-23,4051119
2022-09-11,4043386
2024-10-13,4040104
2024-04-01,4035719
2016-08-12,4034043
2025-08-28,4018029
2022-10-26,4014677
2024-07-31,4013301
2025-04-27,4011077
2025-04-22,4006643
2025-08-27,4001403
2024-10-22,4001267
2021-06-22,3996947
2021-08-12,3994387
2023-02-09,3993801
2024-05-02,3988278
2025-09-02,3985183
2021-07-06,3985125
2024-03-10,3984299
2025-12-12,3984062
2019-03-15,3982488
2017-01-07,3981504
2022-01-28,3979478
2025-02-21,3977502
2021-08-08,3975135
2026-01-05,3973063
2025-11-09,3968516
2020-11-22,3965491
2023-12-27,3954790
2024-12-17,3953921
2019-11-01,3953738
2021-06-01,3941450
2025-07-15,3941318
2023-07-10,3936644
2024-10-11,3931039
2025-08-10,3928684
2024-11-10,3927025
2024-10-30,3924192
2026-03-31,3923804
2024-01-06,3922696
2020-07-19,3919698
2019-12-26,3901739
2025-08-23,3901581
2024-11-18,3900093
2019-10-11,3899050
2016-04-19,3893849
2017-12-12,3891525
2025-05-23,3891473
2019-02-11,3878798
2022-10-18,3876927
2020-11-01,3875780
2021-12-28,3874409
2017-12-14,3871987
2016-11-25,3867181
2025-09-04,3865249
2023-08-21,3857238
2025-01-31,3854821
2016-11-05,3854630
2025-08-01,3853922
2025-05-19,3850785
2025-01-09,3840769
2020-05-09,3831560
2024-10-16,3830989
2016-09-02,3826856
2017-08-25,3826835
2017-02-13,3820350
2023-06-19,3810672
2025-10-17,3793661
2021-10-13,3785628
2019-06-20,3784605
2026-04-28,3781370
2025-04-09,3779443
2018-08-16,3779286
2020-12-02,3774141
2019-07-24,3766747
2017-09-15,3765393
2016-10-09,3760105
2024-01-15,3757954
2018-05-20,3756884
2025-04-16,3755731
2023-11-18,3743581
2025-06-14,3742066
2025-05-02,3740230
2025-01-27,3735849
2024-05-20,3734713
2026-04-19,3731460
2025-08-18,3728468
2024-12-14,3711104
2025-01-07,3707905
2021-09-08,3700426
2023-09-10,3699610
2022-06-27,3699576
2016-04-18,3697616
2024-06-27,3692186
2025-03-14,3691259
2020-08-08,3688330
2018-09-06,3680828
2022-07-12,3678004
2025-12-06,3675468
2016-06-13,3674207
2020-04-29,3673840
2016-06-02,3673323
2020-03-07,3673222
2016-08-01,3667411
2019-05-05,3663017
2024-11-27,3662534
2025-05-03,3662185
2022-02-13,3659353
2022-07-23,3659164
2016-05-11,3653253
2024-09-19,3642116
2019-01-20,3631467
2018-08-07,3630882
2016-07-23,3599587
2026-05-06,3589146
2026-04-07,3581729
2021-03-07,3575510
2022-08-06,3574820
2020-02-28,3574006
2021-03-20,3570633
2023-07-08,3569641
2022-01-03,3567149
2025-08-17,3566792
2025-04-11,3565655
2023-05-01,3562108
2023-07-06,3558471
2018-08-25,3558325
2024-10-09,3556473
2020-07-24,3555749
2026-02-15,3553607
2025-08-11,3549690
2023-06-13,3549054
2022-05-05,3547324
2019-12-17,3538320
2016-08-14,3534055
2022-04-04,3529072
2019-05-11,3525095
2025-04-02,3523802
2025-11-06,3521732
2024-09-23,3512682
2025-03-08,3508134
2025-02-08,3506266
2019-08-04,3505340
2021-10-16,3504346
2021-08-20,3494978
2025-12-22,3492515
2020-11-14,3492101
2019-05-30,3491608
2026-04-15,3489369
2022-04-29,3483780
2018-12-15,3483026
2017-11-09,3482988
2024-09-16,3478817
2017-01-13,3475341
2022-07-05,3470305
2017-03-07,3466098
2021-07-19,3465462
2019-11-11,3464533
2021-07-10,3454685
2019-06-23,3448511
2021-09-28,3441803
2024-02-21,3434707
2019-12-23,3433877
2019-01-30,3433306
2024-11-22,3428792
2021-09-10,3402234
2025-12-31,3402025
2024-12-05,3397458
2023-02-12,3392620
2016-03-16,3391686
2026-05-03,3383899
2021-04-23,3383737
2018-02-14,3383438
2018-02-23,3383324
2016-08-28,3381600
2025-01-18,3379831
2025-09-14,3372492
2017-09-16,3371936
2021-10-17,3370832
2026-04-21,3368851
2025-04-13,3359201
2017-10-24,3359177
2022-11-22,3357941
2017-10-29,3355720
2018-08-09,3348601
2024-08-24,3343562
2024-08-25,3335825
2024-06-24,3330543
2016-08-31,3329404
2023-08-06,3322594
2018-03-14,3310883
2026-04-05,3308961
2022-11-10,3306052
2022-10-25,3301849
2017-09-11,3298387
2016-12-19,3293828
2019-10-27,3289305
2021-03-11,3289068
2022-07-13,3280518
2016-06-03,3277483
2021-05-26,3270233
2021-12-31,3263374
2025-06-15,3256044
2019-09-05,3244260
2019-11-22,3240296
2022-02-06,3235293
2018-03-09,3232255
2025-09-05,3228362
2024-04-27,3225232
2019-12-19,3224003
2016-12-01,3220665
2017-11-24,3220091
2025-11-13,3219755
2016-06-20,3213944
2019-07-23,3211767
2022-04-09,3210233
2026-04-29,3202991
2021-08-21,3194854
2020-02-29,3191317
2025-02-05,3190181
2021-12-01,3188031
2018-03-25,3185098
2019-08-23,3184669
2018-06-12,3183758
2024-05-12,3182967
2025-07-29,3180858
2021-06-06,3177274
2024-10-08,3171945
2026-02-20,3165338
2025-01-05,3163858
2022-04-27,3160243
2025-04-20,3158119
2022-12-10,3153310
2022-10-31,3151053
2021-11-04,3148281
2025-04-30,3144358
2024-07-18,3142798
2017-11-11,3137553
2024-07-11,3129332
2021-02-07,3128480
2017-11-28,3126022
2016-06-29,3123533
2017-09-04,3118289
2025-01-08,3112034
2025-08-31,3111663
2021-06-09,3110065
2022-07-30,3109486
2021-05-29,3106442
2020-09-28,3106232
2016-10-24,3092541
2016-07-16,3091413
2026-02-27,3081171
2024-04-08,3079789
2024-03-08,3079582
2018-05-13,3074610
2024-03-16,3070908
2024-11-15,3069834
2017-11-13,3064170
2025-11-01,3054194
2016-09-27,3048680
2025-11-16,3039973
2022-09-25,3037088
2016-09-15,3035806
2016-11-08,3034192
2016-10-05,3031047
2016-11-11,3027516
2026-01-04,3020463
2025-04-05,3019325
2021-01-22,3017858
2018-06-22,3013379
2026-01-18,3013044
2018-11-11,3011578
2017-11-02,3011446
2025-11-28,3010378
2021-06-04,3008995
2024-06-12,2999851
2017-08-28,2999285
2016-05-02,2998025
2026-01-03,2992864
2024-05-19,2979881
2016-07-30,2979745
2022-07-11,2968989
2019-04-21,2960331
2016-07-31,2949722
2019-03-01,2942892
2016-05-09,2941445
2019-03-17,2936217
2016-09-23,2935294
2020-11-29,2934799
2021-10-14,2934450
2021-07-12,2933718
2025-09-06,2925364
2021-03-17,2914722
2022-10-24,2906873
2023-12-14,2902153
2016-11-22,2901198
2025-01-22,2897494
2025-01-17,2894044
2018-02-28,2889896
2021-02-18,2880511
2019-07-21,2876111
2020-09-24,2874301
2021-08-09,2873038
2025-05-05,2871611
2020-12-29,2868629
2016-10-02,2865620
2016-05-10,2864662
2025-05-10,2860221
2026-04-11,2859499
2026-03-18,2851964
2017-10-12,2846828
2021-01-24,2844305
2023-05-25,2843361
2025-01-14,2837140
2017-10-08,2830385
2026-02-25,2828165
2018-12-23,2826452
2022-10-29,2825641
2021-10-30,2824546
2025-04-08,2824221
2024-12-29,2820742
2022-12-04,2818251
2019-01-26,2811872
2016-10-11,2810061
2016-05-30,2808591
2020-10-08,2806019
2019-01-14,2805654
2024-02-09,2804526
2019-04-06,2801876
2024-08-03,2801283
2021-10-18,2801278
2024-06-09,2794314
2019-01-16,2791923
2023-04-27,2788150
2019-11-20,2773724
2025-05-07,2771890
2024-02-20,2768911
2018-03-05,2766825
2024-07-05,2762703
2018-05-10,2760148
2021-05-19,2751715
2022-07-09,2750604
2025-09-13,2748547
2024-06-26,2747983
2025-07-28,2744683
2022-08-12,2744261
2021-02-16,2738755
2022-07-08,2738663
2021-03-09,2736307
2019-04-13,2725916
2025-12-04,2725808
2021-09-29,2725117
2021-04-21,2724903
2025-03-20,2724272
2017-08-13,2722726
2024-07-25,2719694
2024-09-26,2718712
2021-05-12,2717207
2020-12-25,2716521
2016-03-19,2712522
2016-10-22,2710102
2020-07-10,2709584
2016-11-09,2709278
2023-02-18,2705711
2015-12-14,2704934
2019-08-16,2700229
2021-05-24,2696588
2025-06-02,2689245
2019-07-09,2686586
2026-01-24,2685044
2025-07-18,2678483
2020-10-01,2678299
2017-10-25,2678239
2020-11-20,2675351
2019-12-18,2673418
2025-10-05,2673255
2016-10-27,2670291
2016-04-09,2670174
2021-09-04,2666064
2021-12-08,2665756
2016-04-11,2661436
2017-02-18,2659926
2025-03-28,2655091
2016-09-16,2651492
2022-02-18,2651243
2025-08-24,2650971
2023-07-14,2646113
2024-03-15,2644354
2019-12-28,2643292
2021-10-29,2641623
2024-08-14,2640033
2024-04-25,2639316
2022-02-27,2638980
2022-08-03,2637540
2025-02-24,2636826
2024-06-23,2636490
2022-06-04,2634096
2021-09-19,2628299
2025-09-17,2622820
2019-10-29,2620999
2021-06-21,2618261
2016-11-26,2604212
2024-07-17,2590021
2017-10-02,2585443
2021-05-28,2581397
2020-05-28,2574749
2023-11-24,2574657
2022-11-12,2574467
2016-10-13,2571806
2018-04-08,2571405
2018-06-10,2571055
2025-07-09,2568997
2024-07-03,2567741
2016-10-08,2563469
2025-11-19,2563232
2024-06-02,2562633
2025-09-24,2551614
2017-10-15,2547633
2025-08-02,2543299
2025-10-24,2539381
2025-05-09,2532657
2019-12-30,2530178
2016-08-06,2527750
2025-02-25,2527643
2025-08-29,2522594
2015-12-13,2521809
2025-09-08,2519693
2017-08-12,2517237
2025-06-03,2516653
2025-08-06,2510302
2019-02-26,2510183
2018-05-19,2508620
2025-07-17,2506362
2020-06-21,2505858
2019-09-06,2504175
2022-10-06,2497981
2021-07-03,2497459
2020-04-25,2491651
2018-12-30,2487157
2024-06-08,2483973
2025-02-26,2481008
2016-06-19,2480397
2022-11-02,2479620
2024-05-14,2472148
2022-11-04,2471456
2016-12-16,2471206
2018-02-21,2465059
2021-06-14,2459120
2024-02-18,2456576
2016-08-16,2452752
2019-02-02,2435528
2026-01-09,2430707
2024-09-06,2428898
2023-07-16,2425716
2021-08-26,2417661
2021-07-07,2413208
2023-12-21,2405192
2025-08-04,2404880
2018-03-21,2404618
2017-09-03,2403176
2022-09-10,2401834
2021-06-20,2401730
2019-01-06,2400299
2015-12-17,2399144
2019-11-03,2397474
2021-05-22,2395570
2016-07-01,2386845
2021-11-07,2373036
2020-10-06,2369184
2024-10-25,2358799
2025-03-03,2357532
2021-08-11,2353139
2017-08-30,2346715
2021-05-18,2342209
2024-04-07,2339288
2024-04-03,2335204
2022-06-09,2329596
2015-12-12,2328863
2019-02-19,2323826
2021-06-10,2323026
2016-03-17,2316485
2024-05-13,2312929
2025-09-07,2309505
2016-08-02,2302758
2024-02-10,2297335
2017-02-11,2290061
2016-04-17,2287988
2020-06-13,2279642
2021-07-02,2279505
2023-11-03,2274822
2023-08-26,2274606
2025-03-07,2274103
2024-12-10,2273989
2022-04-02,2269200
2021-02-02,2268543
2016-06-17,2267206
2024-08-22,2264780
2016-03-24,2263871
2021-11-14,2262115
2020-08-10,2257564
2023-08-07,2255163
2022-11-16,2253718
2016-09-01,2247941
2016-11-02,2247498
2026-01-07,2244159
2019-06-13,2243803
2024-11-25,2241865
2019-01-27,2240128
2021-08-25,2239119
2021-07-29,2234243
2020-02-14,2233508
2019-01-18,2231006
2023-04-19,2230184
2025-07-31,2229233
2025-07-27,2225397
2021-07-24,2220134
2024-04-24,2216414
2025-10-18,2213237
2017-05-28,2212146
2023-05-09,2204886
2017-10-04,2193133
2021-06-27,2191459
2017-02-05,2188333
2023-08-05,2185030
2026-01-28,2181138
2018-07-03,2180283
2024-11-23,2178019
2017-09-06,2174790
2024-09-10,2169888
2019-12-27,2168074
2021-08-29,2163164
2017-10-18,2159213
2019-11-23,2158155
2021-03-27,2157491
2025-09-11,2150396
2017-01-19,2147656
2019-06-26,2147245
2017-09-08,2143470
2025-02-27,2133833
2024-08-31,2133571
2025-10-26,2131554
2019-05-28,2130713
2017-09-25,2128832
2018-03-02,2124851
2025-05-31,2113893
2025-10-02,2100731
2017-09-10,2100437
2025-02-06,2087292
2022-01-07,2084528
2020-09-08,2080940
2024-12-25,2079180
2019-04-14,2079100
2019-01-19,2075414
2022-05-14,2054767
2021-08-28,2053154
2023-06-05,2049032
2017-10-20,2046331
2024-11-07,2038319
2026-04-30,2037583
2019-06-19,2037328
2022-08-27,2032019
2016-08-15,2031977
2019-05-01,2029834
2017-03-15,2022033
2017-08-31,2020854
2018-02-26,2018611
2024-10-29,2013127
2016-04-12,2011061
2025-07-26,2000723
2025-09-27,1984085
2024-07-29,1983763
2022-03-09,1980665
2024-02-05,1978936
2025-02-14,1970185
2020-09-14,1968873
2021-08-18,1966043
2025-07-13,1964674
2025-01-20,1954800
2024-10-10,1945667
2017-02-26,1942582
2020-09-03,1940336
2021-09-09,1936949
2017-02-04,1936904
2018-08-18,1922692
2025-10-04,1919101
2024-12-15,1917513
2021-07-23,1915134
2025-05-18,1912768
2021-05-06,1911463
2019-07-31,1910882
2025-07-07,1903203
2025-10-13,1894781
2025-09-12,1891630
2019-03-20,1882037
2024-08-27,1874405
2016-09-14,1872377
2017-03-28,1868700
2026-03-28,1862625
2017-08-23,1847791
2022-12-25,1845261
2021-07-22,1828466
2017-02-12,1824622
2018-03-20,1824482
2023-12-11,1824166
2019-03-09,1822947
2017-02-08,1819481
2021-05-13,1816124
2016-11-18,1814944
2016-07-09,1814735
2016-09-09,1813616
2024-05-30,1811719
2016-09-30,1804815
2024-10-24,1789104
2025-10-12,1786779
2021-07-25,1784996
2024-09-18,1781305
2024-11-30,1772563
2025-10-29,1770944
2019-06-01,1760782
2018-07-04,1757437
2022-02-17,1754472
2019-07-03,1751477
2024-08-20,1747238
2023-02-19,1744151
2024-03-02,1743949
2016-07-10,1742358
2019-12-20,1741593
2018-03-06,1741092
2016-04-21,1740109
2017-01-27,1738989
2024-12-07,1736260
2019-06-16,1733721
2023-06-23,1731237
2026-02-18,1729779
2016-06-09,1727738
2019-02-16,1723811
2025-10-30,1723288
2025-01-21,1720568
2025-08-07,1716096
2016-06-16,1715969
2019-08-13,1711574
2022-04-20,1711549
2019-05-23,1707030
2024-12-21,1700570
2026-01-11,1698429
2021-07-04,1697976
2026-04-26,1695272
2018-06-14,1694697
2019-12-07,1686937
2026-02-09,1685920
2024-09-08,1684159
2019-10-01,1682741
2018-06-26,1677911
2016-04-29,1674370
2024-08-17,1671504
2025-05-28,1665265
2021-06-08,1662697
2018-09-05,1654740
2025-08-08,1654681
2019-10-05,1643095
2016-05-13,1642629
2026-01-21,1635834
2021-07-13,1635483
2019-08-09,1634608
2024-10-21,1633326
2023-01-01,1631808
2025-06-24,1615253
2025-07-20,1613239
2024-04-13,1611599
2019-02-21,1609237
2021-08-03,1607632
2021-09-27,1603543
2023-07-02,1602517
2024-12-02,1601862
2019-02-17,1599696
2024-11-04,1594078
2025-10-19,1586779
2016-10-06,1585743
2023-12-23,1581112
2019-03-14,1579657
2025-08-30,1579474
2025-12-05,1575564
2016-07-08,1574229
2018-08-27,1567026
2025-10-27,1554188
2021-04-22,1549812
2021-07-11,1535775
2018-09-03,1526344
2025-06-29,1526177
2025-10-10,1523011
2025-07-23,1518531
2024-07-30,1515057
2017-11-19,1512681
2024-08-16,1510176
2016-10-14,1505922
2021-04-03,1499790
2020-11-07,1493917
2025-11-21,1479947
2016-05-16,1470941
2025-06-11,1470654
2024-11-02,1469794
2024-03-24,1468434
2022-01-04,1466736
2017-09-20,1454896
2017-08-19,1450475
2024-12-31,1442778
2017-09-27,1434828
2021-12-30,1429609
2025-02-13,1427726
2018-01-31,1423478
2016-10-31,1422266
2025-10-16,1421300
2018-02-27,1417067
2018-03-10,1416105
2025-12-02,1415401
2016-10-29,1407984
2016-09-06,1406881
2022-11-17,1401018
2016-07-18,1400985
2020-08-30,1399349
2017-09-21,1396847
2025-10-25,1396265
2024-09-09,1395668
2016-12-26,1373797
2018-01-17,1371751
2019-02-03,1370948
2018-02-08,1370108
2018-02-01,1367127
2026-01-13,1365961
2016-11-30,1361329
2015-12-15,1353638
2019-06-09,1349076
2017-10-06,1344944
2016-04-26,1344135
2024-11-14,1342569
2019-05-24,1339629
2024-11-19,1338808
2019-03-24,1337046
2017-11-08,1331591
2022-08-23,1321943
2025-06-08,1321849
2017-08-24,1320241
2016-07-05,1315662
2017-03-14,1313547
2016-04-14,1310723
2024-06-15,1303032
2024-09-04,1298982
2024-12-16,1297105
2026-02-23,1279631
2020-01-06,1277521
2017-10-03,1276365
2024-08-02,1274656
2024-11-24,1273951
2024-12-22,1268049
2023-03-30,1267593
2025-04-15,1261189
2024-03-13,1260829
2016-03-22,1254760
2025-07-12,1252216
2022-11-13,1247328
2025-02-04,1242073
2019-04-04,1240851
2020-08-19,1237643
2025-09-19,1234683
2021-05-01,1231683
2016-06-08,1227287
2024-11-05,1225481
2016-05-21,1223293
2025-12-17,1215243
2025-05-11,1214838
2021-08-15,1212606
2024-03-05,1211396
2023-12-28,1208532
2025-10-09,1202774
2025-02-11,1183331
2021-05-14,1179036
2024-12-01,1168879
2024-12-11,1160164
2020-01-05,1156366
2021-03-30,1148191
2019-08-15,1143687
2016-04-24,1140783
2021-01-10,1138901
2019-04-28,1117729
2022-05-03,1112795
2025-05-17,1109673
2017-09-19,1107453
2021-08-10,1094621
2018-03-23,1094131
2019-07-08,1085474
2021-06-11,1084809
2019-06-02,1083072
2019-11-02,1074228
2022-12-26,1065447
2021-09-18,1050185
2024-07-13,1049506
2020-05-31,1043629
2023-03-02,1041483
2018-07-13,1039353
2025-12-18,1035994
2021-06-25,1033797
2016-06-22,1033746
2024-05-24,1027571
2018-02-25,1023812
2023-05-03,1014964
2020-07-30,1012994
2022-06-26,1006972
2016-12-21,1000519
2022-12-23,994352
2025-10-15,990312
2026-01-02,986087
2025-03-04,980027
2018-04-30,976659
2016-05-28,970151
2021-08-23,969763
2023-12-30,967270
2024-09-30,966188
2023-02-02,965570
2019-02-15,962219
2017-01-28,959812
2024-12-06,951973
2016-06-04,947731
2017-07-03,945998
2017-08-26,941375
2024-07-06,940487
2023-07-29,937262
2017-09-22,933039
2024-08-19,930290
2024-10-20,925358
2018-04-02,922766
2026-02-17,921616
2024-06-20,921512
2016-04-20,914850
2020-09-16,913638
2022-11-15,909445
2018-07-01,908162
2022-01-15,904839
2019-08-19,903585
2016-08-27,890872
2025-11-02,890626
2021-02-20,879665
2024-04-19,864329
2018-03-29,858997
2024-08-05,845297
2021-04-29,844409
2018-05-12,839720
2024-06-22,828828
2019-03-21,828627
2020-10-20,824882
2022-05-21,816567
2019-05-22,811483
2024-03-09,810387
2017-08-16,808501
2025-06-26,806905
2023-03-19,806138
2019-05-04,798188
2025-01-01,791127
2021-06-24,788315
2022-08-22,786686
2024-04-21,782853
2024-03-31,776879
2019-06-24,770755
2021-06-12,766994
2019-08-22,764073
2023-04-28,760118
2019-10-09,758547
2016-08-17,756647
2019-01-04,756400
2016-04-23,751532
2021-07-20,747569
2017-10-23,747059
2018-09-16,743967
2021-09-17,737155
2025-08-22,725726
2023-05-14,725080
2021-07-28,719862
2016-03-25,718269
2026-03-22,711403
2024-12-30,709561
2026-03-16,707460
2016-11-04,706589
2026-01-22,706071
2021-12-09,704846
2023-06-21,701274
2016-04-28,699362
2016-09-03,691687
2016-06-10,677930
2024-06-10,677620
2021-06-30,677394
2023-07-24,675650
2025-06-07,672218
2019-02-07,662179
2015-12-18,659558
2019-03-23,656899
2024-09-12,648668
2023-02-01,636114
2021-10-11,635611
2016-12-15,623988
2019-09-22,621390
2024-05-15,620921
2025-11-27,619606
2024-05-26,618857
2019-10-19,615889
2026-03-24,613593
2020-01-07,613125
2016-10-18,603096
2023-06-25,593364
2023-02-28,591468
2026-03-17,590473
2018-06-20,589379
2019-09-04,585472
2018-03-12,578499
2021-05-30,575417
2021-08-13,570031
2019-03-31,558268
2023-01-14,558224
2017-10-11,556351
2024-05-06,554866
2025-11-20,553165
2022-02-04,553072
2025-12-09,545779
2025-02-10,544289
2019-08-18,540560
2017-07-02,537574
2019-05-21,536500
2021-02-26,534302
2019-09-21,522970
2024-02-29,522474
2021-02-15,515865
2025-02-23,505682
2019-09-17,504779
2018-05-04,504058
2019-01-15,501639
2019-08-12,500045
2025-11-24,495780
2025-03-30,494681
2026-02-08,487760
2019-12-25,485918
2023-06-26,482508
2025-11-26,479511
2024-05-01,478041
2023-10-22,476708
2021-03-14,476388
2025-02-16,475581
2021-05-27,474154
2019-04-30,466691
2022-12-06,465273
2017-09-28,464632
2019-02-10,457160
2025-06-25,452050
2017-02-07,447885
2024-02-04,441820
2016-11-03,429205
2016-06-24,425038
2022-07-10,422513
2024-11-13,412700
2026-04-10,412419
2016-12-03,409688
2021-01-31,409135
2025-06-28,407916
2025-05-25,403767
2021-05-20,396974
2018-12-25,396802
2025-11-03,386442
2016-12-09,384998
2024-06-29,383802
2018-02-17,374355
2024-05-21,365595
2019-02-05,358156
2017-11-14,351289
2026-01-25,343206
2025-08-03,338230
2016-10-21,337678
2021-06-15,334388
2021-03-21,334288
2025-10-14,332143
2020-08-05,330565
2022-09-27,319829
2019-02-09,314080
2018-04-29,311434
2019-05-18,310475
2025-06-22,269869
2021-05-31,267163
2019-12-16,265559
2016-11-01,264000
2025-04-25,248200
2025-05-13,244102
2018-01-25,236637
2018-01-22,229779
2016-12-13,228468
2016-05-27,227067
2016-05-18,226329
2019-03-19,221390
2026-01-31,220944
2019-12-04,219386
2018-05-03,210925
2022-12-03,210185
2017-10-13,208057
2025-08-21,201285
2016-10-16,200685
2026-02-22,199860
2018-02-16,199227
2018-05-28,195533
2017-09-14,190349
2026-02-01,189891
2017-11-21,183879
2017-01-24,183170
2026-02-26,182856
2018-12-28,179950
2022-06-08,178287
2017-11-29,174110
2021-09-06,166281
2017-11-27,165643
2016-04-25,155574
2019-09-10,152111
2021-04-14,149582
2019-08-20,149039
2016-05-05,145807
2018-08-29,143767
2024-04-14,142738
2022-05-29,136818
2026-02-21,135426
2021-09-11,133062
2017-03-22,131570
2021-09-12,129673
2016-12-04,124040
2017-05-29,123228
2022-05-01,121791
2016-04-06,118182
2020-09-17,111420
2017-08-22,109603
2018-12-24,106430
2019-11-30,98026
2019-08-24,91425
2019-09-28,82350
2017-01-31,77173
2023-08-14,73576
2025-10-31,72680
2025-02-12,72178
2025-02-17,68625
2018-09-07,67510
2024-12-26,62390
2024-07-21,61254
2021-09-15,60605
2022-08-26,58276
2025-06-30,57845
2017-03-17,56358
2016-07-12,54927
2018-04-03,53446
2025-07-14,52080
2026-02-24,46717
2019-09-16,44760
2025-09-10,41440
2024-08-11,37287
2025-09-25,36417
2015-12-11,35649
2018-12-31,34980
2026-02-14,29259
2024-10-12,28780
2025-07-10,22264
2025-12-07,21038
2025-11-23,18990
2025-12-26,18846
2021-07-31,17671
2016-03-23,16699
2025-06-21,16300
2020-01-04,15236
2025-11-08,13880
2025-07-03,9781
2025-12-10,9597
2025-07-06,8760
2017-01-06,8335
2017-02-03,6524
2019-10-16,5030
2022-02-21,2809
2025-12-13,2600
2017-08-18,2180
2022-04-30,2175
2026-03-20,2073
2018-01-24,678
2021-08-27,434
2016-07-21,0
