model,n_seeds,sessions,AUC,AUC_sd,NDCG@5,NDCG@5_sd,NDCG@10,NDCG@10_sd,MRR,MRR_sd,P@5,P@5_sd
SASRec/bce,5,11695,0.6333,0.0039,0.7772,0.0034,0.8144,0.0028,0.8464,0.0032,0.6897,0.0026
SASRec/pwts,5,11695,0.6358,0.0024,0.7805,0.0018,0.8168,0.0014,0.8492,0.0016,0.6919,0.0013
SASRec/drrl,5,11695,0.6137,0.0153,0.7598,0.0111,0.8011,0.0083,0.8301,0.0098,0.6774,0.0084
SkipLSTM/bce,5,11695,0.6427,0.0075,0.78,0.005,0.8175,0.0038,0.8458,0.0053,0.6913,0.0036
SkipLSTM/pwts,5,11695,0.6445,0.0025,0.7865,0.003,0.8226,0.0024,0.854,0.0038,0.6964,0.0028
SkipLSTM/drrl,5,11695,0.6448,0.021,0.7782,0.01,0.8165,0.0071,0.8457,0.0109,0.6874,0.0049
ExtraTrees,1,11694,0.604,,0.7643,,0.8049,,0.8337,,0.6825,
LogReg,1,11694,0.5948,,0.7522,,0.7963,,0.8171,,0.6751,
Random,1,11694,0.5028,,0.6881,,0.7438,,0.7671,,0.6254,
