hidden_units,dropout_rate,num_blocks,num_heads,lr,gamma,val_ndcg,val_ndcg_raw,best_epoch,epochs_run,max_epochs
128,0.1,1,4,0.001,4,0.7762243614589739,0.7777846016354213,20,20,20
128,0.3,1,8,0.001,4,0.7759583353678542,0.7757524004040156,19,20,20
256,0.1,3,4,0.0001,2,0.7757995993558643,0.7735061446716395,35,40,40
64,0.1,1,8,0.001,4,0.7752968222365894,0.7743591269416232,18,20,20
128,0.1,3,8,0.001,4,0.7749586374069416,0.7769398694477124,18,20,20
256,0.5,3,16,0.001,3,0.7748696838018674,0.7751108925882834,19,20,20
256,0.1,2,4,0.001,4,0.7746056817552307,0.7746056817552307,1,6,20
128,0.3,1,16,0.001,3,0.7740910149196493,0.7737595779715918,17,20,20
128,0.3,2,16,0.001,2,0.7739929133107321,0.7730560901681754,17,20,20
256,0.1,3,16,0.001,3,0.7737446211384521,0.7779734704981696,20,20,20
128,0.3,3,8,0.001,3,0.7737322427784394,0.773974458561104,18,20,20
256,0.3,1,16,0.001,4,0.7736851664435762,0.7755043615506284,20,20,20
256,0.5,1,16,0.001,4,0.7736279582769034,0.7729648622068939,18,20,20
128,0.3,3,16,0.001,3,0.7733626730899065,0.7772252054994542,20,20,20
128,0.1,2,16,0.001,2,0.7733199796619209,0.7764671049893529,20,20,20
128,0.3,2,4,0.001,3,0.7733169465416948,0.7764551721760875,17,20,20
128,0.1,3,8,0.001,3,0.7732720985266944,0.7756591545302428,13,18,20
256,0.3,1,16,0.001,3,0.7731566420991337,0.7764241673607545,19,20,20
256,0.5,2,8,0.001,3,0.7731317289646035,0.7727898427442295,20,20,20
128,0.1,1,8,0.001,3,0.7731070574890778,0.7746794903417173,18,20,20
256,0.1,1,16,0.001,4,0.7730648298507262,0.7739338918212338,19,20,20
256,0.3,1,16,0.0001,3,0.773028999906487,0.7711631087970563,40,40,40
256,0.3,2,4,0.001,4,0.7728808131894032,0.7735888576979979,18,20,20
128,0.1,1,4,0.001,3,0.7728247180156053,0.777697558000055,20,20,20
128,0.1,1,8,0.001,4,0.7728171996270743,0.7781747940818254,20,20,20
64,0.3,3,4,0.0001,3,0.7726545591117997,0.7759317736155493,39,40,40
256,0.5,1,16,0.001,3,0.7726338178172966,0.7691761111393162,20,20,20
256,0.5,2,16,0.001,4,0.7725633280305709,0.7763956750673662,20,20,20
128,0.3,1,8,0.001,3,0.7724919803701379,0.7724421545073834,19,20,20
128,0.3,2,4,0.001,4,0.7724082085751377,0.7718171216333571,17,20,20
64,0.3,2,16,0.001,4,0.7723952341762071,0.7725984738523831,20,20,20
64,0.3,1,16,0.001,4,0.772349046999803,0.7743243979968487,19,20,20
256,0.5,3,8,0.001,4,0.7722853832184433,0.7737260093270609,16,20,20
256,0.3,1,8,0.0001,3,0.772256478674762,0.7708151193773911,28,33,40
256,0.3,3,16,0.001,4,0.7722513304736748,0.7657231372276665,18,20,20
128,0.3,1,8,0.001,2,0.7722274850706407,0.7692114004238251,19,20,20
256,0.3,3,16,0.001,2,0.7722232183332958,0.7695959108323627,19,20,20
128,0.1,2,16,0.001,3,0.7720259538545768,0.7731997191825137,15,20,20
256,0.3,2,16,0.001,3,0.7720052351996399,0.7689784865446143,16,20,20
128,0.5,2,16,0.001,3,0.7719395921258502,0.7713614486675987,19,20,20
128,0.5,3,8,0.001,4,0.7719250074253877,0.7709485360174407,20,20,20
128,0.1,1,8,0.001,2,0.7719067528533574,0.7746324966530053,18,20,20
128,0.5,3,16,0.001,3,0.7718939270722635,0.7743987600901094,20,20,20
256,0.1,3,8,0.001,3,0.7718191270271597,0.7697152946990825,13,18,20
256,0.1,3,8,0.001,4,0.7716756357535757,0.772561002812482,20,20,20
128,0.5,3,4,0.001,2,0.7715457409533913,0.7728002998897168,18,20,20
128,0.1,2,16,0.001,4,0.7714773368122612,0.7715844814036458,14,19,20
128,0.3,3,8,0.001,4,0.7714703306633685,0.7665385113686551,17,20,20
128,0.5,3,4,0.001,3,0.7714699822465817,0.7719608554754953,20,20,20
128,0.5,3,16,0.001,4,0.7713613221191765,0.7681162107108253,16,20,20
64,0.3,2,16,0.001,3,0.7713175960137768,0.7761308535921884,20,20,20
256,0.5,3,8,0.001,3,0.771255180031489,0.7707532916716568,17,20,20
64,0.1,2,4,0.001,3,0.7710900999437965,0.7705756997677082,16,20,20
256,0.3,3,8,0.001,4,0.770998363131349,0.7730227841981873,20,20,20
64,0.1,3,8,0.0001,3,0.7709809084100598,0.7700976345563428,30,35,40
256,0.3,3,4,0.001,4,0.7709183163176108,0.7683211305100611,20,20,20
64,0.3,3,16,0.001,4,0.7708499990810967,0.7682854898678495,16,20,20
256,0.3,2,16,0.001,4,0.7707382442227585,0.7664424006704487,9,14,20
256,0.3,3,4,0.001,3,0.7706284837051897,0.7709885102269964,17,20,20
128,0.3,2,16,0.001,3,0.7705411285891189,0.7694262111131174,12,17,20
128,0.5,1,8,0.001,4,0.7705312008068609,0.7698291162946479,19,20,20
64,0.3,3,16,0.001,3,0.7705088302373428,0.7670081817100715,20,20,20
128,0.1,2,4,0.001,3,0.7704264381930276,0.7763780797310453,16,20,20
64,0.1,3,16,0.001,4,0.7703039579947973,0.7718797105817355,10,15,20
256,0.5,2,4,0.001,4,0.770204063065397,0.7695500368335664,20,20,20
128,0.5,3,8,0.001,3,0.7700493248763601,0.7737653251693357,14,19,20
64,0.3,3,4,0.001,3,0.7699124295393163,0.772353855276413,20,20,20
64,0.3,1,4,0.001,4,0.7698912129215468,0.7692620419455776,20,20,20
128,0.5,2,8,0.001,4,0.7698310517671482,0.7727087992236686,20,20,20
64,0.1,3,8,0.001,3,0.7697746583784686,0.772175560710421,19,20,20
256,0.1,2,16,0.001,4,0.7697310448020472,0.7736547771127426,20,20,20
64,0.1,3,4,0.001,4,0.7697170988067029,0.7675568633914319,12,17,20
128,0.3,3,4,0.001,3,0.7696595771517994,0.7690043557427503,20,20,20
128,0.5,2,16,0.001,4,0.7696565681443103,0.7661079718084659,19,20,20
64,0.3,1,8,0.001,4,0.7695422080630451,0.7737347155479393,17,20,20
128,0.1,2,4,0.001,4,0.7693646990471477,0.7708025339333846,17,20,20
64,0.1,1,4,0.001,4,0.7693517580360547,0.7716437593885257,18,20,20
256,0.3,1,8,0.001,4,0.7693379473315035,0.7665155361969447,16,20,20
64,0.1,2,16,0.001,3,0.7692526577169297,0.7685140908625998,18,20,20
64,0.1,1,16,0.001,4,0.7692434720777758,0.7721689018614414,20,20,20
256,0.5,2,16,0.001,3,0.7692089482582724,0.7670570775675398,18,20,20
64,0.3,1,4,0.001,3,0.7691895613404257,0.7682994160141648,18,20,20
64,0.5,3,4,0.001,4,0.7691862111573572,0.7704166757118172,20,20,20
64,0.1,3,8,0.001,4,0.7690213267184741,0.7682775179209345,15,20,20
256,0.3,2,8,0.001,4,0.7690162668884323,0.7708542435003405,11,16,20
128,0.3,2,16,0.001,4,0.7689722009836918,0.7740158044875222,20,20,20
256,0.5,1,8,0.001,3,0.7689502378587884,0.7662649059343114,17,20,20
128,0.5,3,4,0.001,4,0.7689276880427695,0.7699614095276859,20,20,20
128,0.5,2,8,0.001,3,0.768869190788913,0.7692574758400337,20,20,20
64,0.1,1,4,0.001,2,0.7688460443570498,0.7715212740717873,20,20,20
128,0.1,3,4,0.001,2,0.7687825330691638,0.7706688986597224,18,20,20
128,0.1,2,8,0.001,2,0.7687771048858759,0.7725601361071831,20,20,20
128,0.5,1,16,0.001,3,0.768717623419337,0.7657559242371891,20,20,20
64,0.1,1,16,0.001,2,0.7686955770673061,0.771456893036384,20,20,20
256,0.5,3,16,0.001,2,0.7686775237368407,0.7638801400922616,20,20,20
256,0.3,1,4,0.001,3,0.7686240100909595,0.7726734299368736,15,20,20
256,0.3,2,4,0.0001,4,0.7686047045913614,0.7685240423876722,25,30,40
128,0.1,2,8,0.001,4,0.7685255690220774,0.7691112248272914,16,20,20
256,0.1,2,16,0.001,3,0.7685188012477804,0.7711976785515147,17,20,20
256,0.5,1,8,0.001,4,0.768507645010381,0.7689733175581206,17,20,20
64,0.3,2,8,0.001,4,0.7684462107433069,0.7716896066269783,20,20,20
128,0.1,1,16,0.001,4,0.768305988391328,0.7633863670135841,11,16,20
256,0.1,3,4,0.001,2,0.7682168883714301,0.7713129792292334,17,20,20
128,0.5,1,16,0.001,4,0.7681994833091582,0.7697314993093948,20,20,20
128,0.3,2,8,0.001,3,0.7681922713203039,0.7646607464178263,9,14,20
128,0.3,1,4,0.001,4,0.7681852410875781,0.7694759820153747,19,20,20
128,0.1,3,4,0.0001,3,0.7680953830981387,0.7635180573788263,13,18,40
128,0.3,3,4,0.001,2,0.7679907899894513,0.7713574522810084,18,20,20
256,0.1,2,16,0.0001,3,0.7679686781537464,0.7755926531920144,17,22,40
256,0.1,3,8,0.001,2,0.7678180272857782,0.770840053628071,14,19,20
256,0.3,3,8,0.001,2,0.7678115121966361,0.7726476317702151,20,20,20
128,0.3,1,4,0.001,3,0.7677324815693692,0.7648380845326064,18,20,20
64,0.1,1,8,0.001,3,0.767717750519041,0.7695867246127457,16,20,20
64,0.5,2,8,0.001,4,0.7676108367432001,0.7696868290085181,20,20,20
256,0.5,1,16,0.001,2,0.7675680303503872,0.7702722981285428,20,20,20
128,0.5,1,8,0.001,3,0.7675159045017302,0.7719905931780682,20,20,20
128,0.1,3,4,0.001,4,0.7675138957039425,0.7737399123726953,2,7,20
64,0.5,3,4,0.001,3,0.767431141380193,0.7659758781072372,20,20,20
256,0.1,2,8,0.001,3,0.7674234462062222,0.764878546170352,13,18,20
128,0.5,2,4,0.001,4,0.7674026358092925,0.7630265585141881,20,20,20
64,0.3,2,4,0.001,4,0.7673492667944984,0.7670916216763811,20,20,20
64,0.3,1,16,0.001,3,0.7672401217915774,0.7672104489744069,13,18,20
64,0.3,3,8,0.001,4,0.7671790199689185,0.7708366246253205,17,20,20
128,0.1,3,8,0.001,2,0.7671683969503417,0.7678043230665471,19,20,20
128,0.3,3,16,0.001,4,0.7671090790041198,0.7664970464149193,10,15,20
64,0.5,3,8,0.001,2,0.7670216982327066,0.76683324687786,15,20,20
256,0.3,2,16,0.001,2,0.7669030497841661,0.7633322910221061,17,20,20
64,0.3,2,8,0.001,3,0.766858500357306,0.7665165370709852,20,20,20
128,0.1,3,4,0.0001,4,0.7668026208261437,0.7713705438015838,18,23,40
128,0.1,2,4,0.0001,3,0.7668019819075037,0.7655410635554635,22,27,40
128,0.1,1,16,0.001,2,0.7667726336700498,0.7706204053650466,16,20,20
256,0.3,1,8,0.001,3,0.766736526081215,0.7671622149552394,12,17,20
128,0.5,3,16,0.001,2,0.7667228728596941,0.761901788891848,17,20,20
128,0.3,3,16,0.001,2,0.7667138731136771,0.7655269848752565,20,20,20
64,0.1,2,4,0.001,2,0.766680987028708,0.7704842957785288,20,20,20
128,0.5,2,16,0.001,2,0.7666685844552689,0.7692889893414614,20,20,20
64,0.3,1,8,0.001,3,0.7665772529957809,0.7679374441570206,20,20,20
256,0.1,2,16,0.001,2,0.7665499214428776,0.7583624749174306,14,19,20
256,0.5,3,8,0.0001,3,0.7664497224201612,0.7655220467415382,35,40,40
256,0.3,3,4,0.0001,3,0.7663963861365269,0.7691078029678233,19,24,40
64,0.3,3,4,0.001,4,0.7663357303254422,0.7667898500134149,14,19,20
256,0.5,2,8,0.001,2,0.7662944531660923,0.7655910269984543,15,20,20
256,0.3,2,8,0.001,2,0.7662454097627157,0.7654226899086755,15,20,20
64,0.5,3,8,0.001,4,0.7662188303949328,0.7655722556923125,20,20,20
256,0.3,3,8,0.0001,4,0.7661812839505946,0.7633755390340777,24,29,40
64,0.5,3,16,0.001,4,0.7661540949596869,0.7659083874627031,17,20,20
256,0.3,3,8,0.0001,3,0.7661466241298802,0.7633805528969213,19,24,40
64,0.1,2,8,0.0001,3,0.7660211967644259,0.7648131740168551,22,27,40
64,0.5,3,16,0.001,3,0.7660194169738959,0.7634956692530959,19,20,20
64,0.1,1,16,0.0001,3,0.7659995394810015,0.7646625087165299,36,40,40
128,0.3,2,4,0.001,2,0.7659006149838542,0.7709623241384663,18,20,20
256,0.5,3,8,0.001,2,0.7658275898572584,0.7622804295221224,11,16,20
256,0.1,1,4,0.0001,4,0.7657702511798812,0.764408928566599,20,25,40
64,0.5,2,8,0.001,3,0.7657210095868697,0.7694598662544313,20,20,20
64,0.1,3,4,0.0001,2,0.7657155322424624,0.7613748791876719,22,27,40
64,0.1,3,16,0.0001,3,0.7656455246649192,0.7693029535470525,29,34,40
128,0.1,1,4,0.001,2,0.7656034793193659,0.7634924624570943,19,20,20
128,0.5,2,4,0.001,3,0.7654734735256693,0.7608524403295783,12,17,20
256,0.1,3,16,0.0001,4,0.7653645844817373,0.7637278044939916,10,15,40
64,0.5,2,16,0.001,3,0.7653611286202717,0.7638819116797794,19,20,20
64,0.3,2,16,0.001,2,0.7653494128994881,0.7694323666103909,20,20,20
256,0.3,1,8,0.001,2,0.765330741364628,0.7675627537992026,15,20,20
128,0.5,2,4,0.001,2,0.7651955520306042,0.7716202375304481,20,20,20
64,0.1,1,4,0.001,3,0.7650464291853245,0.7651410425201168,13,18,20
128,0.5,1,4,0.001,3,0.7650174018640881,0.765549329095311,20,20,20
64,0.3,3,4,0.001,2,0.7649520171569484,0.7662977282724327,16,20,20
64,0.1,2,4,0.001,4,0.7649216132976792,0.7648417833742965,14,19,20
128,0.1,2,16,0.0001,4,0.7647979535413413,0.7628279210112323,17,22,40
64,0.5,3,8,0.001,3,0.7647957856601528,0.7676785437224439,20,20,20
256,0.1,2,16,0.0001,4,0.7647775140803846,0.7689617039239418,9,14,40
64,0.3,2,4,0.001,3,0.7647695770752801,0.7655542662033882,18,20,20
256,0.3,3,16,0.0001,3,0.7647446839567597,0.7782138998485341,15,20,40
128,0.1,3,8,0.0001,4,0.7647064072586455,0.7687838461469741,17,22,40
256,0.1,3,8,0.0001,2,0.7646600478743842,0.7530601306169684,20,25,40
128,0.1,1,8,0.0001,3,0.764638756868294,0.7639021402448429,26,31,40
64,0.1,1,8,0.0001,4,0.7646166990618135,0.7686518776781274,33,38,40
64,0.5,3,16,0.001,2,0.764521580238719,0.7624575519350698,20,20,20
256,0.1,1,8,0.0001,3,0.7644777532613539,0.7736575709089357,19,24,40
256,0.1,1,8,0.0001,2,0.7644326742387136,0.7707584969307788,25,30,40
256,0.3,1,4,0.001,4,0.7643093056055245,0.7657701381799645,14,19,20
128,0.1,3,16,0.001,4,0.7642704157442249,0.767554410771827,8,13,20
128,0.3,1,16,0.001,2,0.7642196787555574,0.7613629613929082,15,20,20
256,0.1,2,4,0.0001,3,0.7641923056275725,0.7720176874838671,13,18,40
64,0.1,2,16,0.001,2,0.7641839940489575,0.7621746759273906,20,20,20
64,0.5,2,4,0.001,3,0.7640407932264196,0.7674224842286269,17,20,20
256,0.5,2,16,0.001,2,0.7640198162199464,0.7651748518726431,11,16,20
128,0.3,1,16,0.001,4,0.7639658332362425,0.7669241042193862,9,14,20
256,0.3,1,4,0.0001,4,0.7639270082697872,0.7611311760156854,26,31,40
64,0.5,1,8,0.001,3,0.7638794919907538,0.7640412736381017,20,20,20
256,0.5,1,4,0.001,2,0.7638511158423956,0.76084675974476,20,20,20
64,0.1,1,16,0.0001,4,0.7638118620620905,0.7692876711784582,32,37,40
256,0.5,1,4,0.001,3,0.7637986277506678,0.7631070513499426,17,20,20
64,0.1,2,16,0.0001,2,0.7635882722040689,0.768436519850185,32,37,40
256,0.1,2,4,0.001,3,0.7635173522457531,0.7544108253011713,11,16,20
64,0.1,3,4,0.001,3,0.7635162569085305,0.7576199291506782,10,15,20
256,0.1,2,4,0.0001,4,0.7635140870254792,0.7683856536819764,6,11,40
64,0.5,2,16,0.001,4,0.7633157576617067,0.7665043484277464,16,20,20
64,0.5,1,16,0.001,2,0.763282789060403,0.7659403911003568,20,20,20
64,0.5,1,4,0.001,3,0.7632141621387122,0.7639878465580172,20,20,20
64,0.5,1,4,0.001,2,0.7630916355830806,0.765111192341937,20,20,20
64,0.1,1,16,0.001,3,0.7628502741686031,0.7634653007839951,11,16,20
128,0.5,1,4,0.001,4,0.7626368570525148,0.7660067941809474,19,20,20
256,0.1,3,16,0.001,2,0.7625164939847315,0.7654568954635325,11,16,20
256,0.1,3,4,0.001,4,0.7623758357639598,0.760772107152507,8,13,20
64,0.3,3,8,0.0001,2,0.7622808917682388,0.7626820053291563,39,40,40
256,0.1,3,16,0.0001,3,0.7621886096110138,0.7620451896034756,12,17,40
64,0.1,3,16,0.001,2,0.7621316267205854,0.7608807521059484,13,18,20
256,0.5,3,4,0.001,4,0.7619355133519535,0.7680558783944698,10,15,20
64,0.3,2,4,0.001,2,0.761875905998509,0.7616906778724493,18,20,20
256,0.1,1,4,0.001,4,0.7618002521243982,0.7661006704712566,15,20,20
256,0.1,2,8,0.0001,3,0.7616511803664583,0.7641742426106677,8,13,40
64,0.1,2,16,0.001,4,0.7614993028154596,0.7621296634436042,8,13,20
64,0.1,3,8,0.0001,2,0.7612137643303676,0.7633706843231419,20,25,40
128,0.1,1,4,0.0001,3,0.7611808557352456,0.7567362859592922,22,27,40
128,0.3,1,4,0.001,2,0.7611033493130175,0.7646562028517533,19,20,20
64,0.5,1,4,0.0001,3,0.7610439462463908,0.7551524239229073,33,38,40
64,0.1,3,16,0.0001,4,0.7609918676670233,0.7610320465659276,18,23,40
256,0.1,1,4,0.001,3,0.7609356764912801,0.7591193489314396,9,14,20
128,0.1,1,8,0.0001,4,0.7608338053050918,0.770298279781237,18,23,40
256,0.1,3,8,0.0001,3,0.7607774585275489,0.762638074600551,17,22,40
64,0.3,1,4,0.001,2,0.760752532170757,0.7587357170041121,16,20,20
128,0.3,3,4,0.0001,3,0.7607193125747237,0.7542018671748452,24,29,40
256,0.5,2,4,0.001,2,0.7605818342034477,0.7631140476189863,12,17,20
128,0.5,1,16,0.001,2,0.7605781728505686,0.7652061157182319,20,20,20
128,0.1,2,8,0.0001,2,0.7604013247698788,0.7492491962865391,16,21,40
128,0.1,3,16,0.001,3,0.7603580209382086,0.7603580209382086,1,6,20
128,0.3,3,8,0.001,2,0.7601596389903604,0.7627717453562409,11,16,20
64,0.5,1,8,0.001,2,0.7600938147671855,0.7617950509580413,19,20,20
64,0.1,2,4,0.0001,4,0.7599564862141578,0.7608583463926146,17,22,40
64,0.5,2,4,0.001,2,0.7597535787745135,0.7591116506730744,20,20,20
64,0.3,3,8,0.001,3,0.7596933993360097,0.7624945845616062,9,14,20
128,0.5,1,4,0.001,2,0.7596690855190252,0.7625222804660335,20,20,20
128,0.1,3,8,0.0001,3,0.7595935795431918,0.7667510228927121,12,17,40
128,0.1,1,4,0.0001,2,0.759502115083459,0.7677634677192472,23,28,40
256,0.1,1,8,0.001,4,0.7594051604502958,0.7594051604502958,1,6,20
256,0.1,1,16,0.0001,2,0.7593801349766038,0.7559704316282089,21,26,40
256,0.1,2,4,0.001,2,0.7593661674093714,0.7608187591306379,9,14,20
256,0.3,3,8,0.001,3,0.759325299561049,0.7546708302648742,6,11,20
256,0.5,1,4,0.001,4,0.7593222765112575,0.7562962827276416,9,14,20
64,0.1,2,8,0.0001,2,0.7592720988775756,0.757907949606662,20,25,40
64,0.1,3,4,0.0001,3,0.7591885577720999,0.7607713469380001,14,19,40
64,0.5,3,4,0.001,2,0.7591261157582249,0.7568182992431546,20,20,20
256,0.1,3,4,0.001,3,0.7589272699920782,0.7589272699920782,1,6,20
64,0.5,1,8,0.001,4,0.7589155437316716,0.7598683820637876,13,18,20
256,0.5,1,8,0.0001,4,0.7588915091030995,0.7559646151756391,25,30,40
128,0.1,2,16,0.0001,3,0.7586425976937301,0.7533923107376012,14,19,40
128,0.1,2,8,0.001,3,0.7586234533178693,0.7586234533178693,1,6,20
64,0.1,2,4,0.0001,3,0.7583171881544928,0.758658767637197,17,22,40
64,0.1,3,16,0.0001,2,0.7581780236632545,0.7659006046418916,29,34,40
256,0.5,3,4,0.001,3,0.7581281823838122,0.7583101762554338,9,14,20
256,0.5,1,16,0.0001,4,0.7579461430259163,0.7591846813599856,24,29,40
256,0.1,2,8,0.0001,2,0.7579400941789637,0.7635036631996788,9,14,40
256,0.3,2,16,0.0001,4,0.7577849033944969,0.7577908104688141,24,29,40
256,0.3,3,16,0.0001,4,0.7577111334006817,0.7557064634673859,13,18,40
256,0.1,2,8,0.001,4,0.7576321916430365,0.7676028544231488,2,7,20
64,0.1,1,8,0.0001,2,0.7575349018784365,0.7521022007966698,24,29,40
64,0.5,2,8,0.001,2,0.757333518284803,0.7625976428143151,18,20,20
128,0.1,2,4,0.0001,4,0.7571827148321278,0.7672829815296532,12,17,40
64,0.1,3,8,0.001,2,0.7568650419146373,0.7538160988393795,10,15,20
64,0.1,1,8,0.0001,3,0.7567127523866569,0.7582883313625469,28,33,40
256,0.1,3,8,0.0001,4,0.7566303272738683,0.7536384467876437,6,11,40
256,0.3,3,16,0.0001,2,0.7563392073843859,0.7614151452223132,12,17,40
128,0.5,1,4,0.0001,4,0.7563200974451735,0.7586981746308,31,36,40
64,0.1,3,8,0.0001,4,0.7561220122061432,0.758953882756577,16,21,40
256,0.3,2,8,0.0001,3,0.755977738797141,0.7594911132297621,11,16,40
64,0.3,1,8,0.001,2,0.7555605940380837,0.7607512442793797,19,20,20
64,0.1,2,4,0.0001,2,0.7555527610964679,0.7599921965312085,18,23,40
256,0.1,1,4,0.001,2,0.7552320964484637,0.7524951139494873,11,16,20
256,0.3,3,4,0.0001,4,0.7544928954240852,0.7601247323790893,9,14,40
256,0.3,2,4,0.0001,2,0.7544134313764953,0.7447891479268767,14,19,40
128,0.1,3,16,0.0001,2,0.7542687347399601,0.7527883232152475,12,17,40
128,0.1,1,16,0.0001,2,0.7542224615126004,0.7543925780305604,21,26,40
256,0.1,2,16,0.0001,2,0.7538733881330518,0.7364919021394677,9,14,40
256,0.1,3,4,0.0001,4,0.7536410051818921,0.7530362036799844,7,12,40
128,0.1,3,4,0.001,3,0.753549946892246,0.7543791718102622,2,7,20
256,0.5,1,8,0.0001,3,0.7533336398106131,0.7514070626125299,19,24,40
128,0.1,1,16,0.001,3,0.7531518452053714,0.7489948658630249,5,10,20
256,0.1,3,4,0.0001,3,0.7524803742152301,0.7558424544846803,6,11,40
128,0.1,3,4,0.0001,2,0.7512693040199353,0.7521141989425196,11,16,40
128,0.1,1,4,0.0001,4,0.7511707473472238,0.7530443246984536,17,22,40
256,0.1,1,16,0.0001,3,0.7504241602256977,0.7448695499680301,10,15,40
128,0.3,3,4,0.001,4,0.7502503557926806,0.7502503557926806,1,6,20
256,0.1,2,4,0.0001,2,0.7502289361657563,0.7509147333015337,15,20,40
128,0.3,3,8,0.0001,2,0.7500108137480862,0.7528625036365576,22,27,40
256,0.1,1,8,0.0001,4,0.7496093421003674,0.7439713894300913,7,12,40
256,0.1,1,8,0.001,3,0.7495217474466729,0.7495217474466729,1,6,20
64,0.1,1,16,0.0001,2,0.7494318379194618,0.7577766672099107,23,28,40
64,0.5,3,4,0.0001,3,0.7491552119988055,0.7511633223744584,28,33,40
64,0.1,2,8,0.001,3,0.7490015318105175,0.7523634117174519,4,9,20
128,0.1,2,4,0.0001,2,0.7489581344810537,0.7513272776796666,9,14,40
64,0.1,1,4,0.0001,4,0.7489215152166859,0.7494789186943678,23,28,40
256,0.1,1,4,0.0001,2,0.7485445861473402,0.7439177237851521,8,13,40
128,0.1,3,8,0.0001,2,0.7485101195891892,0.7542898612855583,13,18,40
128,0.1,1,8,0.0001,2,0.7484142757444959,0.7580746949506569,15,20,40
256,0.5,3,4,0.001,2,0.7481547053534623,0.7531842960272416,2,7,20
256,0.3,2,4,0.001,3,0.7480496929905472,0.7480496929905472,1,6,20
256,0.5,1,4,0.0001,4,0.7477689709122454,0.7411358135257978,17,22,40
256,0.3,1,4,0.001,2,0.7476350357702385,0.7430040270030284,13,18,20
64,0.1,2,8,0.001,2,0.746760136732498,0.7513101633691797,5,10,20
64,0.5,1,8,0.0001,2,0.7467421642002706,0.7506765919610585,22,27,40
128,0.3,2,8,0.001,4,0.7464337648550993,0.7464337648550993,1,6,20
256,0.3,3,16,0.001,3,0.7463806084307023,0.7463806084307023,1,6,20
256,0.1,1,16,0.001,3,0.7463318155144004,0.7463318155144004,1,6,20
64,0.1,3,4,0.0001,4,0.7461912744878884,0.7503413110894142,11,16,40
128,0.1,2,4,0.001,2,0.7460155497373909,0.7402981112151833,5,10,20
256,0.3,3,4,0.001,2,0.745741397647462,0.7365522940557849,4,9,20
128,0.5,1,4,0.0001,3,0.7454089220604518,0.7383885475150047,25,30,40
256,0.1,2,8,0.001,2,0.744950716355711,0.744950716355711,1,6,20
256,0.1,3,16,0.0001,2,0.7445378990592021,0.7445378990592021,1,6,40
64,0.1,3,16,0.001,3,0.7445032725875333,0.74905896278452,2,7,20
256,0.3,3,4,0.0001,2,0.7440901827830998,0.7557005544404204,8,13,40
256,0.3,2,4,0.001,2,0.744039089997684,0.744039089997684,1,6,20
256,0.3,2,4,0.0001,3,0.7440370825854599,0.7455132335698085,9,14,40
128,0.1,1,16,0.0001,4,0.7439363616157114,0.7403564506580511,7,12,40
64,0.5,1,16,0.0001,2,0.7439342412515962,0.7428938980131441,22,27,40
256,0.3,3,8,0.0001,2,0.7438867077714736,0.7360705264065291,7,12,40
256,0.5,3,16,0.001,4,0.7432248421924049,0.7432248421924049,1,6,20
256,0.1,1,16,0.0001,4,0.7431284916928856,0.7431284916928856,1,6,40
256,0.5,3,16,0.0001,3,0.7430413792182844,0.7443914210537202,2,7,40
128,0.1,2,16,0.0001,2,0.7428131510863101,0.7436534782113758,8,13,40
256,0.1,2,8,0.0001,4,0.7427235749240952,0.7456359045231783,2,7,40
64,0.1,2,8,0.001,4,0.7427218168536084,0.7427218168536084,1,6,20
256,0.1,1,4,0.0001,3,0.7425998101185166,0.7489963815927059,6,11,40
256,0.3,2,8,0.001,3,0.7425939593180552,0.7497108815555553,2,7,20
256,0.5,2,8,0.001,4,0.7423777001704274,0.7423777001704274,1,6,20
64,0.3,3,4,0.0001,4,0.7415599865758198,0.7438613225588518,17,22,40
256,0.5,3,4,0.0001,4,0.7413301993722546,0.7413301993722546,1,6,40
256,0.5,3,4,0.0001,3,0.7412732632101579,0.7423921533704466,12,17,40
128,0.1,3,16,0.0001,3,0.7408354571953176,0.7408354571953176,1,6,40
256,0.1,3,16,0.001,4,0.7407309769196397,0.7407309769196397,1,6,20
128,0.1,2,8,0.0001,4,0.7399545379156316,0.7421865288105919,4,9,40
128,0.1,3,16,0.0001,4,0.7394251871543802,0.7394251871543802,1,6,40
64,0.1,3,4,0.001,2,0.7393308148371248,0.7393308148371248,1,6,20
64,0.1,1,4,0.0001,2,0.7392156294009063,0.740971240665225,15,20,40
128,0.3,3,16,0.0001,4,0.7391912001579587,0.7391912001579587,1,6,40
256,0.1,1,8,0.001,2,0.7390522204588496,0.7390522204588496,1,6,20
64,0.5,1,8,0.0001,3,0.7382138082426382,0.7415013218709999,20,25,40
128,0.1,3,16,0.001,2,0.7381064073075102,0.7416935846003897,5,10,20
128,0.5,1,8,0.0001,3,0.7379595686345476,0.7311875843735965,13,18,40
256,0.5,2,16,0.0001,4,0.737480637581315,0.737480637581315,1,6,40
64,0.3,3,8,0.001,2,0.7368975660823963,0.7368975660823963,1,6,20
128,0.5,2,8,0.001,2,0.7357100587136864,0.7357100587136864,1,6,20
64,0.5,1,8,0.0001,4,0.7354989114259877,0.7361762562331108,9,14,40
64,0.1,2,8,0.0001,4,0.7353522820540225,0.7353522820540225,1,6,40
256,0.3,1,8,0.0001,2,0.7352103904868639,0.7352103904868639,1,6,40
128,0.3,2,16,0.0001,3,0.7351871957551551,0.7351871957551551,1,6,40
64,0.1,2,16,0.0001,3,0.7348694800507763,0.7348694800507763,1,6,40
256,0.1,1,16,0.001,2,0.7345601693886902,0.7345601693886902,1,6,20
64,0.1,2,16,0.0001,4,0.7344495755287679,0.7344495755287679,1,6,40
256,0.5,3,4,0.0001,2,0.7341269359504511,0.7341269359504511,1,6,40
128,0.1,2,8,0.0001,3,0.7339989094010508,0.738635126909071,2,7,40
128,0.3,2,4,0.0001,2,0.733650469700834,0.737233463979271,14,19,40
128,0.1,1,16,0.0001,3,0.7330989946510779,0.7341471381513269,6,11,40
256,0.5,2,4,0.001,3,0.7324198210886387,0.7324198210886387,1,6,20
128,0.3,3,8,0.0001,4,0.7321936963625999,0.7321936963625999,1,6,40
256,0.5,1,8,0.0001,2,0.7317336748211165,0.7317336748211165,1,6,40
128,0.3,3,8,0.0001,3,0.731354012827869,0.7347741832374786,5,10,40
256,0.3,1,16,0.001,2,0.7313383525309565,0.7313383525309565,1,6,20
128,0.3,2,8,0.0001,2,0.7306841240249297,0.7306841240249297,1,6,40
256,0.5,2,16,0.0001,2,0.7304189441770723,0.7304189441770723,1,6,40
64,0.5,1,4,0.0001,4,0.730330283061014,0.7291307835695613,13,18,40
128,0.3,3,4,0.0001,2,0.7295120570376216,0.7308510085240801,2,7,40
128,0.3,1,16,0.0001,2,0.7294843204791706,0.7294843204791706,1,6,40
128,0.5,3,16,0.0001,4,0.7294674708669615,0.732224761560081,2,7,40
256,0.3,2,8,0.0001,2,0.7292996225038954,0.7292996225038954,1,6,40
256,0.3,1,8,0.0001,4,0.7286944283109319,0.7286944283109319,1,6,40
64,0.3,1,16,0.0001,3,0.7286897161159498,0.7286897161159498,1,6,40
256,0.5,2,8,0.0001,2,0.7285925267405958,0.7285925267405958,1,6,40
128,0.3,3,16,0.0001,2,0.7285569418959842,0.7319751291729814,5,10,40
64,0.5,3,4,0.0001,2,0.7285366769445552,0.7286811918468129,6,11,40
128,0.3,2,8,0.001,2,0.7282578932537813,0.7282578932537813,1,6,20
128,0.5,2,16,0.0001,3,0.7277561958289613,0.730028129338042,2,7,40
128,0.5,3,8,0.0001,2,0.7276175069956415,0.7262749001802065,4,9,40
256,0.3,2,8,0.0001,4,0.7275835388802324,0.7275835388802324,1,6,40
256,0.5,3,8,0.0001,4,0.7274257419606637,0.7284018595544718,3,8,40
128,0.3,3,4,0.0001,4,0.7272727303930545,0.7272727303930545,1,6,40
64,0.3,3,16,0.0001,4,0.7270664596708825,0.7287826832891229,2,7,40
64,0.1,1,4,0.0001,3,0.726756049974849,0.726756049974849,1,6,40
64,0.3,2,16,0.0001,4,0.7267119971333218,0.7267119971333218,1,6,40
64,0.3,2,4,0.0001,4,0.7265976187616289,0.7265976187616289,1,6,40
128,0.3,2,4,0.0001,4,0.7263630939219631,0.7263630939219631,1,6,40
256,0.3,1,4,0.0001,3,0.7261902783356224,0.7261902783356224,1,6,40
256,0.5,1,4,0.0001,2,0.7261658326917516,0.7261658326917516,1,6,40
128,0.5,3,16,0.0001,2,0.7255482032074776,0.7255482032074776,1,6,40
128,0.5,3,8,0.0001,3,0.7255069456877788,0.7255069456877788,1,6,40
256,0.3,1,4,0.0001,2,0.7252772945379266,0.7252772945379266,1,6,40
64,0.5,1,16,0.0001,4,0.7252465543717421,0.7252465543717421,1,6,40
128,0.3,2,16,0.0001,4,0.7250065244839364,0.7250065244839364,1,6,40
64,0.3,1,8,0.0001,2,0.7249482672059369,0.7249482672059369,1,6,40
64,0.3,2,8,0.001,2,0.7248018094741874,0.7248018094741874,1,6,20
128,0.5,1,4,0.0001,2,0.7247830755079931,0.7247830755079931,1,6,40
64,0.3,3,8,0.0001,3,0.7245497472779999,0.7245497472779999,1,6,40
256,0.3,2,16,0.0001,2,0.7243346555541379,0.7243346555541379,1,6,40
128,0.3,1,4,0.0001,4,0.7243020723348323,0.7243020723348323,1,6,40
128,0.5,2,16,0.0001,2,0.7241373111959883,0.7241373111959883,1,6,40
256,0.5,2,16,0.0001,3,0.7238406393862632,0.7238406393862632,1,6,40
64,0.3,3,8,0.0001,4,0.7236515379671703,0.7258163849364571,2,7,40
64,0.3,2,16,0.0001,3,0.7236245600328606,0.7236245600328606,1,6,40
64,0.3,3,4,0.0001,2,0.7235261845345277,0.7259921712988536,6,11,40
256,0.5,3,16,0.0001,2,0.7234243573136329,0.7234243573136329,1,6,40
256,0.5,2,8,0.0001,4,0.7232272122904063,0.7232272122904063,1,6,40
128,0.5,3,8,0.001,2,0.7230319470165747,0.7230319470165747,1,6,20
128,0.3,2,4,0.0001,3,0.7226846881657233,0.7226846881657233,1,6,40
256,0.5,3,8,0.0001,2,0.7226658468049224,0.7226658468049224,1,6,40
64,0.5,2,16,0.0001,3,0.7226268604193673,0.7239387012516546,2,7,40
256,0.5,3,16,0.0001,4,0.722218451611238,0.722218451611238,1,6,40
64,0.5,2,8,0.0001,2,0.7221405303453657,0.7189126355404887,10,15,40
64,0.3,1,4,0.0001,3,0.7221143741173858,0.7221143741173858,1,6,40
128,0.3,1,4,0.0001,2,0.7220923499391575,0.7241060834432992,10,15,40
128,0.5,1,8,0.0001,2,0.7220639527948715,0.7220639527948715,1,6,40
128,0.5,3,4,0.0001,3,0.721798719569013,0.721798719569013,1,6,40
64,0.3,3,16,0.001,2,0.7215095033919594,0.7215095033919594,1,6,20
256,0.5,2,4,0.0001,3,0.7214578579782338,0.7214578579782338,1,6,40
64,0.5,3,8,0.0001,3,0.7214406392401578,0.7214406392401578,1,6,40
64,0.5,1,16,0.001,3,0.7213356919194854,0.7213356919194854,1,6,20
128,0.3,1,16,0.0001,4,0.7212340018031876,0.7212340018031876,1,6,40
256,0.5,1,8,0.001,2,0.7207998207752663,0.7239188836341921,2,7,20
256,0.3,1,16,0.0001,2,0.7206793002853044,0.7206793002853044,1,6,40
64,0.3,2,4,0.0001,2,0.7205178118465039,0.7212122443525383,2,7,40
128,0.5,2,4,0.0001,2,0.720516211846846,0.720516211846846,1,6,40
64,0.5,2,4,0.001,4,0.7204540181529007,0.7204540181529007,1,6,20
128,0.3,1,4,0.0001,3,0.7203669978992303,0.7203669978992303,1,6,40
256,0.3,1,16,0.0001,4,0.7203432588413082,0.7203432588413082,1,6,40
64,0.3,2,16,0.0001,2,0.7202782187355652,0.7202782187355652,1,6,40
64,0.3,1,4,0.0001,2,0.7197850656613702,0.7197850656613702,1,6,40
64,0.3,3,16,0.0001,2,0.7197689257688037,0.7224216343004944,5,10,40
64,0.5,2,16,0.0001,2,0.7196515431641392,0.7202261841624736,6,11,40
128,0.3,2,8,0.0001,4,0.7195799409792033,0.7195799409792033,1,6,40
256,0.5,2,8,0.0001,3,0.719538670644548,0.719538670644548,1,6,40
128,0.3,2,8,0.0001,3,0.7194900942969125,0.7194900942969125,1,6,40
64,0.5,3,4,0.0001,4,0.7192798821939876,0.7202000956539635,2,7,40
128,0.3,1,8,0.0001,4,0.7192564498197016,0.7192564498197016,1,6,40
256,0.5,2,4,0.0001,2,0.719179378629483,0.719179378629483,1,6,40
256,0.3,2,16,0.0001,3,0.7189899121548089,0.7189899121548089,1,6,40
128,0.3,2,16,0.0001,2,0.7188687552162416,0.7188687552162416,1,6,40
64,0.5,2,16,0.0001,4,0.7183562991053374,0.7183562991053374,1,6,40
128,0.3,1,8,0.0001,3,0.7182143478796615,0.7182143478796615,1,6,40
128,0.5,2,16,0.0001,4,0.717888784154467,0.717888784154467,1,6,40
64,0.3,3,16,0.0001,3,0.717584070312444,0.7201126151189339,3,8,40
64,0.5,2,8,0.0001,4,0.7174742751282376,0.7174742751282376,1,6,40
64,0.5,1,4,0.001,4,0.7173128359619647,0.7234439151506026,2,7,20
128,0.5,1,16,0.0001,4,0.717157394163133,0.717157394163133,1,6,40
64,0.5,2,4,0.0001,2,0.7167412932632709,0.7167412932632709,1,6,40
128,0.5,3,4,0.0001,4,0.7163030254110698,0.7163030254110698,1,6,40
64,0.5,3,8,0.0001,4,0.7161596535885817,0.7161596535885817,1,6,40
64,0.3,1,8,0.0001,3,0.7159929805537592,0.7159929805537592,1,6,40
64,0.1,1,8,0.001,2,0.7159720915528687,0.7159720915528687,1,6,20
128,0.3,1,8,0.0001,2,0.7157327771252668,0.7157327771252668,1,6,40
64,0.3,2,4,0.0001,3,0.7156809679267221,0.7156809679267221,1,6,40
128,0.3,3,16,0.0001,3,0.7152116578855297,0.7169494002526916,2,7,40
64,0.3,1,4,0.0001,4,0.7150322047388246,0.7150322047388246,1,6,40
128,0.5,2,8,0.0001,3,0.7149274455436135,0.7149274455436135,1,6,40
128,0.5,3,16,0.0001,3,0.7148948596243424,0.7148948596243424,1,6,40
128,0.5,3,8,0.0001,4,0.7144533468829943,0.7144533468829943,1,6,40
64,0.3,2,8,0.0001,3,0.7141842149349426,0.7141842149349426,1,6,40
64,0.5,2,4,0.0001,4,0.7141024681629027,0.7141024681629027,1,6,40
128,0.5,1,16,0.0001,2,0.7140495671425136,0.7140495671425136,1,6,40
128,0.5,2,8,0.0001,2,0.7139649212103377,0.7175989959899294,2,7,40
128,0.5,3,4,0.0001,2,0.7135916321604849,0.7149874565509285,2,7,40
64,0.5,1,4,0.0001,2,0.713546670353824,0.713546670353824,1,6,40
64,0.5,2,16,0.001,2,0.713335348315665,0.713335348315665,1,6,20
128,0.5,1,8,0.001,2,0.7131942250251146,0.7131942250251146,1,6,20
64,0.3,1,16,0.0001,2,0.7131707075998494,0.7131707075998494,1,6,40
64,0.3,1,16,0.001,2,0.7131171642546846,0.7131171642546846,1,6,20
64,0.5,3,16,0.0001,3,0.7128514751689987,0.7128514751689987,1,6,40
64,0.3,2,8,0.0001,4,0.7126979809466801,0.7126979809466801,1,6,40
256,0.5,1,16,0.0001,2,0.7126708553635898,0.7126708553635898,1,6,40
64,0.3,1,16,0.0001,4,0.7123218693772841,0.7123218693772841,1,6,40
64,0.5,1,16,0.001,4,0.712271705057943,0.7204147930591586,2,7,20
64,0.5,2,8,0.0001,3,0.7119662825775662,0.7119662825775662,1,6,40
128,0.3,1,16,0.0001,3,0.7118891705794625,0.7118891705794625,1,6,40
128,0.5,2,4,0.0001,3,0.7116946412599598,0.7116946412599598,1,6,40
64,0.5,3,16,0.0001,2,0.7116004368846808,0.7095861822979902,4,9,40
64,0.5,1,16,0.0001,3,0.7109544341100897,0.7109544341100897,1,6,40
64,0.5,3,16,0.0001,4,0.7109300872691932,0.7109300872691932,1,6,40
64,0.3,2,8,0.0001,2,0.710489503587918,0.7132293321890552,3,8,40
256,0.5,2,4,0.0001,4,0.7096889509731924,0.7096889509731924,1,6,40
256,0.5,1,16,0.0001,3,0.7091867350766033,0.7091867350766033,1,6,40
128,0.5,2,4,0.0001,4,0.708568589346998,0.708568589346998,1,6,40
256,0.5,1,4,0.0001,3,0.7082137799819406,0.709085229985887,2,7,40
64,0.5,3,8,0.0001,2,0.7081264508908295,0.7112527554473403,4,9,40
64,0.3,1,8,0.0001,4,0.7074926571235713,0.7074926571235713,1,6,40
128,0.5,2,8,0.0001,4,0.707191551400334,0.707191551400334,1,6,40
128,0.5,1,8,0.0001,4,0.7049545432650364,0.7049545432650364,1,6,40
64,0.5,2,4,0.0001,3,0.7016717783686766,0.7016717783686766,1,6,40
128,0.5,1,16,0.0001,3,0.6977553111939357,0.6977553111939357,1,6,40
